,PLAYER,ERA00,whip00,ERA01,whip01,ERA02,whip02,ERA03,whip03,ERA04,whip04,ERA05,whip05,ERA06,whip06,ERA07,whip07,ERA08,whip08,ERA09,whip09,ERA10,whip10,ERA11,whip11,ERA12,whip12,ERA13,whip13,ERA14,whip14,ERA15,whip15,ERA16,whip16,ERA17,whip17,ERA18,whip18,ERA19,whip19,MLBAMID,FirstName,LastName,BirthDate,Team,Jersey,BirthCity,BirthState,BirthCountry,ProDebut,Age,AGE00,AGE01,AGE02,AGE03,AGE04,AGE05,AGE06,AGE07,AGE08,AGE09,AGE10,AGE11,AGE12,AGE13,AGE14,AGE15,AGE16,AGE17,AGE18,AGE19
0,Brian Anderson,4.05,111.2153918,,,4.79,115.38461540000002,3.78,114.6044625,5.64,134.3373494,,,,,,,,,,,,,,,,,,,,,,,,,,,,,,,605119.0,Brian,Anderson,1993-05-19,MIA,15.0,Edmond,OK,USA,2017-09-01,27,7,8,9,10,11,12,13,14,15,16,17,18,19,20,21,22,23,24,25,26
1,Zack Greinke,,,,,,,,,,,5.8,130.05464479999998,,,,,3.47,106.3829787,2.16,92.09951986,4.17,104.09090909999999,3.83,103.3878505,3.48,101.3672796,2.63,94.24379233,2.71,102.4245423,1.66,75.15751575,4.37,109.9873578,3.2,93.51806037,3.21,94.59459459,2.93,92.69932757,425844.0,Zack,Greinke,1983-10-21,HOU,21.0,Orlando,FL,USA,2004-05-22,36,16,17,18,19,20,21,22,23,24,25,26,27,28,29,30,31,32,33,34,35
2,Justin Verlander,,,,,,,,,,,,,3.63,109.67741940000002,3.66,98.90656064,4.84,102.4875622,3.45,99.16666667,3.37,92.81570727,2.4,78.88446215,2.64,87.77824444,3.46,103.1636864,4.54,115.53398059999999,,,3.04,82.30633803,3.36,89.80582524,2.52,80.37383178,2.58,70.85201794,434378.0,Justin,Verlander,1983-02-20,HOU,35.0,Manakin-Sabot,VA,USA,2005-07-04,37,17,18,19,20,21,22,23,24,25,26,27,28,29,30,31,32,33,34,35,36
3,Cole Hamels,,,,,,,,,,,,,,,3.39,97.21463681,3.09,91.14927345,4.32,111.8012422,3.06,94.62055716,2.79,84.72222222,3.05,96.23430962,3.6,96.81818182,2.46,90.59745348,3.65,95.70957096,3.32,99.9000999,,,3.78,97.26603575,,,430935.0,Cole,Hamels,1983-12-27,ATL,32.0,San Diego,CA,USA,2006-05-12,36,16,17,18,19,20,21,22,23,24,25,26,27,28,29,30,31,32,33,34,35
4,Adam Wainwright,,,,,,,,,,,,,,,3.7,111.8811881,,,2.63,100.8583691,2.42,89.52629292,,,3.94,105.9535822,2.94,100.331675,2.38,89.86784141,,,4.62,117.55802220000001,,,,,4.19,113.90186920000001,425794.0,Adam,Wainwright,1981-08-30,STL,50.0,Brunswick,GA,USA,2005-09-11,39,19,20,21,22,23,24,25,26,27,28,29,30,31,32,33,34,35,36,37,38
5,Jon Lester,,,,,,,,,,,,,,,,,3.21,103.7601142,3.41,98.96602659,3.25,89.42307692,3.47,94.66527197,4.82,109.7025841,3.75,105.1149695,2.46,95.80291971,3.34,94.63414634,2.44,85.55885262,4.33,106.54827970000001,3.32,105.9602649,4.46,127.3364486,452657.0,Jon,Lester,1984-01-07,CHC,34.0,Tacoma,WA,USA,2006-06-10,36,16,17,18,19,20,21,22,23,24,25,26,27,28,29,30,31,32,33,34,35
6,Johnny Cueto,,,,,,,,,,,,,,,,,4.81,107.47126440000001,4.41,106.95499709999999,3.64,104.2116631,2.31,84.61538462,2.78,103.22580649999999,,,2.25,77.71381579,3.44,96.69811321,2.79,97.17153285,,,,,,,456501.0,Johnny,Cueto,1986-02-15,SF,47.0,San Pedro de Macoris,,Dominican Republic,2008-04-03,34,14,15,16,17,18,19,20,21,22,23,24,25,26,27,28,29,30,31,32,33
7,Clayton Kershaw,,,,,,,,,,,,,,,,,,,2.79,74.26900585,2.91,84.76237139,2.28,83.65508366,2.53,80.98591549,1.83,76.27118644,1.77,80.76728925,2.13,77.08871662,,,2.31,88.0,2.73,91.86840472,3.03,90.39865244,477132.0,Clayton,Kershaw,1988-03-19,LAD,22.0,Dallas,TX,USA,2008-05-25,32,12,13,14,15,16,17,18,19,20,21,22,23,24,25,26,27,28,29,30,31
8,J.A. Happ,,,,,,,,,,,,,,,,,,,2.93,96.98795181,,,5.35,104.4202434,,,,,4.22,108.22784809999999,3.61,106.9767442,3.18,96.41025641,,,3.65,94.24379233,4.91,106.76598390000001,457918.0,J.A.,Happ,1982-10-19,NYY,33.0,Peru,IL,USA,2007-06-30,37,17,18,19,20,21,22,23,24,25,26,27,28,29,30,31,32,33,34,35,36
9,Rick Porcello,,,,,,,,,,,,,,,,,,,3.96,111.63337250000001,4.92,122.0715166,4.75,123.07692309999999,4.59,134.0147643,4.32,111.8644068,3.43,110.675808,4.92,119.1860465,3.15,96.41255605,4.65,121.61496799999999,4.28,101.5175301,5.52,121.7690982,519144.0,Rick,Porcello,1988-12-27,NYM,22.0,Morristown,NJ,USA,2009-04-09,31,11,12,13,14,15,16,17,18,19,20,21,22,23,24,25,26,27,28,29,30
10,Max Scherzer,,,,,,,,,,,,,,,,,,,4.12,102.8806584,3.5,95.28688525,4.43,113.8461538,3.74,104.16666670000001,2.9,80.80336291,3.15,97.22853249,2.79,83.26029798,2.96,81.10477861,2.51,70.92907093,2.53,76.29427793,2.92,90.06391633,453286.0,Max,Scherzer,1984-07-27,WSH,31.0,St. Louis,MO,USA,2008-04-29,36,16,17,18,19,20,21,22,23,24,25,26,27,28,29,30,31,32,33,34,35
11,Trevor Cahill,,,,,,,,,,,,,,,,,,,4.63,109.42760940000001,2.97,88.17533129,4.16,109.0733591,3.78,98.5,,,,,,,,,,,,,,,502239.0,Trevor,Cahill,1988-03-01,SF,53.0,Oceanside,CA,USA,2009-04-07,32,12,13,14,15,16,17,18,19,20,21,22,23,24,25,26,27,28,29,30,31
12,David Price,,,,,,,,,,,,,,,,,,,,,2.72,90.77809798,3.49,91.03078983,2.56,91.46919431,3.33,100.9667025,3.26,98.75050383,2.45,94.50249886,3.99,106.0869565,,,3.58,94.88636364,,,456034.0,David,Price,1985-08-26,LAD,33.0,Murfreesboro,TN,USA,2008-09-14,35,15,16,17,18,19,20,21,22,23,24,25,26,27,28,29,30,31,32,33,34
13,Ian Kennedy,,,,,,,,,,,,,,,,,,,,,3.8,88.65979381,2.88,93.24324324,4.02,111.00432479999999,4.91,103.2578686,3.63,100.4975124,4.28,104.10469959999999,3.68,94.26229508,5.38,96.10389609999999,,,,,453178.0,Ian,Kennedy,1984-12-19,KC,31.0,Huntington Beach,CA,USA,2007-09-01,35,15,16,17,18,19,20,21,22,23,24,25,26,27,28,29,30,31,32,33,34
14,Jordan Zimmermann,,,,,,,,,,,,,,,,,,,,,,,3.18,100.55865920000001,2.94,101.4344262,3.25,99.01454716,2.66,99.89959839,3.66,107.85288270000001,,,6.08,132.5,,,,,519455.0,Jordan,Zimmermann,1986-05-23,DET,27.0,Auburndale,WI,USA,2009-04-20,34,14,15,16,17,18,19,20,21,22,23,24,25,26,27,28,29,30,31,32,33
15,Madison Bumgarner,,,,,,,,,,,,,,,,,,,,,,,3.21,105.28893240000001,3.37,95.62710235,2.77,79.06514172,2.98,97.65085214,2.93,91.24254929,2.74,85.32272325,,,,,3.9,96.52509653,518516.0,Madison,Bumgarner,1989-08-01,ARI,40.0,Hickory,NC,USA,2009-09-08,31,11,12,13,14,15,16,17,18,19,20,21,22,23,24,25,26,27,28,29,30
16,Charlie Morton,,,,,,,,,,,,,,,,,,,,,,,3.83,114.4859813,,,,,3.72,94.84404838,,,,,,,3.13,86.82634731,3.05,87.53861998,450203.0,Charlie,Morton,1983-11-12,TB,50.0,Flemington,NJ,USA,2008-06-14,36,16,17,18,19,20,21,22,23,24,25,26,27,28,29,30,31,32,33,34,35
17,Mike Leake,,,,,,,,,,,,,,,,,,,,,,,3.86,102.2727273,4.58,116.75977649999999,3.37,107.7563769,3.7,106.4922933,3.7,96.35416667,4.69,120.3178207,3.92,113.44086019999999,4.36,117.17062630000001,4.29,121.319797,502190.0,Mike,Leake,1987-11-12,ARI,8.0,San Diego,CA,USA,2010-04-11,32,12,13,14,15,16,17,18,19,20,21,22,23,24,25,26,27,28,29,30,31
18,Derek Holland,,,,,,,,,,,,,,,,,,,,,,,3.95,109.59595959999999,4.67,99.37178755,3.42,103.286385,,,,,,,,,3.57,94.09701929,,,502706.0,Derek,Holland,1986-10-09,PIT,45.0,Newark,OH,USA,2009-04-22,34,14,15,16,17,18,19,20,21,22,23,24,25,26,27,28,29,30,31,32,33
19,Chris Sale,,,,,,,,,,,,,,,,,,,,,,,,,3.05,95.83333333,3.07,91.07893508,2.17,81.03448276,3.41,95.10086455,3.34,91.51193634,2.9,85.00700607,2.11,72.15189873,,,519242.0,Chris,Sale,1989-03-30,BOS,41.0,Lakeland,FL,USA,2010-08-06,31,11,12,13,14,15,16,17,18,19,20,21,22,23,24,25,26,27,28,29,30
20,Stephen Strasburg,,,,,,,,,,,,,,,,,,,,,,,,,3.16,94.90886235,3.0,78.68852459,3.14,98.60465116,,,,,2.52,83.38092519,,,3.32,85.64593301,544931.0,Stephen,Strasburg,1988-07-20,WSH,37.0,San Diego,CA,USA,2010-06-08,32,12,13,14,15,16,17,18,19,20,21,22,23,24,25,26,27,28,29,30,31
21,Wade Miley,,,,,,,,,,,,,,,,,,,,,,,,,3.33,107.62100929999998,3.55,104.35212659999999,4.34,106.9119841,4.46,109.73084890000001,5.37,118.0722892,5.61,119.03246340000001,,,3.98,106.52304009999999,489119.0,Wade,Miley,1986-11-13,CIN,22.0,Hammond,LA,USA,2011-08-20,33,13,14,15,16,17,18,19,20,21,22,23,24,25,26,27,28,29,30,31,32
22,Lance Lynn,,,,,,,,,,,,,,,,,,,,,,,,,3.78,105.68181820000001,3.97,101.39165009999999,2.74,98.42519685,3.03,105.0828098,,,3.43,87.04997313,4.77,110.75544170000002,3.67,101.3935608,458681.0,Lance,Lynn,1987-05-12,TEX,35.0,Marion County,IN,USA,2011-06-02,33,13,14,15,16,17,18,19,20,21,22,23,24,25,26,27,28,29,30,31,32
23,Yu Darvish,,,,,,,,,,,,,,,,,,,,,,,,,3.9,90.00523286,2.83,75.52581262,,,,,,,3.86,90.76262084,,,3.98,81.93041526,506433.0,Yu,Darvish,1986-08-16,CHC,11.0,Osaka,,Japan,2012-04-09,34,14,15,16,17,18,19,20,21,22,23,24,25,26,27,28,29,30,31,32,33
24,Mike Minor,,,,,,,,,,,,,,,,,,,,,,,,,4.12,90.45226131,3.21,93.0460333,,,,,,,,,4.18,95.54140127,3.59,98.02979337,501985.0,Mike,Minor,1987-12-26,OAK,23.0,Chapel Hill,TN,USA,2010-08-09,32,12,13,14,15,16,17,18,19,20,21,22,23,24,25,26,27,28,29,30,31
25,Julio Teheran,,,,,,,,,,,,,,,,,,,,,,,,,,,3.2,100.97192220000001,2.89,91.40271493,4.04,99.9000999,3.21,87.23404255,4.49,104.73152579999999,3.94,74.77168950000001,3.81,90.70034443,527054.0,Julio,Teheran,1991-01-27,LAA,49.0,Cartagena,,Colombia,2011-05-07,29,9,10,11,12,13,14,15,16,17,18,19,20,21,22,23,24,25,26,27,28
26,Patrick Corbin,,,,,,,,,,,,,,,,,,,,,,,,,,,3.41,97.54925517,,,,,5.15,117.2680412,4.03,117.33615220000002,3.15,86.5,3.25,90.59405941,571578.0,Patrick,Corbin,1989-07-19,WSH,46.0,Clay,NY,USA,2012-04-30,31,11,12,13,14,15,16,17,18,19,20,21,22,23,24,25,26,27,28,29,30
27,Dallas Keuchel,,,,,,,,,,,,,,,,,,,,,,,,,,,5.15,124.0208877,2.93,99.5,2.48,88.36206897,4.55,105.3571429,,,3.74,109.20666010000001,,,572971.0,Dallas,Keuchel,1988-01-01,CHW,60.0,Tulsa,OK,USA,2012-06-17,32,12,13,14,15,16,17,18,19,20,21,22,23,24,25,26,27,28,29,30,31
28,Corey Kluber,,,,,,,,,,,,,,,,,,,,,,,,,,,,,2.44,95.66326531,3.49,89.18918919,3.14,87.44186047,2.25,78.2480315,2.89,92.55813953,,,446372.0,Corey,Kluber,1986-04-10,TEX,28.0,Birmingham,AL,USA,2011-09-01,34,14,15,16,17,18,19,20,21,22,23,24,25,26,27,28,29,30,31,32,33
29,Jake Arrieta,,,,,,,,,,,,,,,,,,,,,,,,,,,,,2.53,79.38540333,1.77,75.10917031,3.1,79.14764079,3.53,97.56097561,3.96,101.62601629999999,,,453562.0,Jake,Arrieta,1986-03-06,PHI,49.0,Farmington,MO,USA,2010-06-10,34,14,15,16,17,18,19,20,21,22,23,24,25,26,27,28,29,30,31,32,33
30,Alex Wood,,,,,,,,,,,,,,,,,,,,,,,,,,,,,2.78,94.62616822,3.84,110.9936575,,,2.72,91.38724523,3.68,100.5291005,,,622072.0,Alex,Wood,1991-01-12,LAD,57.0,Charlotte,NC,USA,2013-05-30,29,9,10,11,12,13,14,15,16,17,18,19,20,21,22,23,24,25,26,27,28
31,Tanner Roark,,,,,,,,,,,,,,,,,,,,,,,,,,,,,2.85,97.37638749,,,2.83,90.0,4.67,105.46659299999999,4.34,105.49694609999999,4.35,115.0817686,543699.0,Tanner,Roark,1986-10-05,TOR,14.0,Wilmington,IL,USA,2013-08-07,34,14,15,16,17,18,19,20,21,22,23,24,25,26,27,28,29,30,31,32,33
32,Sonny Gray,,,,,,,,,,,,,,,,,,,,,,,,,,,,,3.08,91.78082192,2.73,86.53846154,,,3.55,91.91856878,,,2.87,75.95659623,543243.0,Sonny,Gray,1989-11-07,CIN,54.0,Nashville,TN,USA,2013-07-10,30,10,11,12,13,14,15,16,17,18,19,20,21,22,23,24,25,26,27,28,29
33,Chris Archer,,,,,,,,,,,,,,,,,,,,,,,,,,,,,3.33,96.29248198,3.23,88.20754717,4.02,95.47488812,4.07,100.9950249,,,,,502042.0,Chris,Archer,1988-09-26,PIT,24.0,Raleigh,NC,USA,2012-06-20,32,12,13,14,15,16,17,18,19,20,21,22,23,24,25,26,27,28,29,30,31
34,Jake Odorizzi,,,,,,,,,,,,,,,,,,,,,,,,,,,,,4.13,99.40476190000001,3.35,93.43583678,3.69,96.15384615,,,4.49,96.28275442,3.51,96.85534591,543606.0,Jake,Odorizzi,1990-03-27,MIN,12.0,Breese,IL,USA,2012-09-23,30,10,11,12,13,14,15,16,17,18,19,20,21,22,23,24,25,26,27,28,29
35,Trevor Bauer,,,,,,,,,,,,,,,,,,,,,,,,,,,,,4.18,101.9607843,4.55,92.61363636,4.26,100.52631579999999,4.19,112.43611580000001,2.21,83.38092519,4.48,91.54929577,545333.0,Trevor,Bauer,1991-01-17,CIN,27.0,North Hollywood,CA,USA,2012-06-28,29,9,10,11,12,13,14,15,16,17,18,19,20,21,22,23,24,25,26,27,28
36,Kyle Gibson,,,,,,,,,,,,,,,,,,,,,,,,,,,,,4.47,106.6443328,3.84,101.44181259999999,,,5.07,122.7848101,3.62,95.31090724,4.84,117.5,502043.0,Kyle,Gibson,1987-10-23,TEX,44.0,Greenfield,IN,USA,2013-06-29,32,12,13,14,15,16,17,18,19,20,21,22,23,24,25,26,27,28,29,30,31
37,Jacob deGrom,,,,,,,,,,,,,,,,,,,,,,,,,,,,,,,2.54,85.34031414,,,3.53,96.96668324,1.7,74.65437788,2.43,80.88235294,594798.0,Jacob,deGrom,1988-06-19,NYM,48.0,DeLand,FL,USA,2014-05-15,32,12,13,14,15,16,17,18,19,20,21,22,23,24,25,26,27,28,29,30,31
38,Gerrit Cole,,,,,,,,,,,,,,,,,,,,,,,,,,,,,,,2.6,97.11538462,,,4.26,103.94088670000001,2.88,78.96051974,2.5,76.37906648,543037.0,Gerrit,Cole,1990-09-08,NYY,45.0,Newport Beach,CA,USA,2013-06-11,30,10,11,12,13,14,15,16,17,18,19,20,21,22,23,24,25,26,27,28,29
39,Masahiro Tanaka,,,,,,,,,,,,,,,,,,,,,,,,,,,,,,,3.51,89.61038961,3.07,96.88755019999999,4.74,108.3660865,3.75,98.07692308,4.45,108.24175819999999,547888.0,Masahiro,Tanaka,1988-11-01,NYY,19.0,Itami,,Japan,2014-04-04,31,11,12,13,14,15,16,17,18,19,20,21,22,23,24,25,26,27,28,29,30
40,Mike Fiers,,,,,,,,,,,,,,,,,,,,,,,,,,,,,,,3.69,93.83675736,4.48,117.71700359999998,5.22,107.7726976,3.56,103.48837209999999,3.9,98.26275787,571666.0,Mike,Fiers,1985-06-15,OAK,50.0,Hollywood,FL,USA,2011-09-14,35,15,16,17,18,19,20,21,22,23,24,25,26,27,28,29,30,31,32,33,34
41,Kyle Hendricks,,,,,,,,,,,,,,,,,,,,,,,,,,,,,,,3.95,96.66666667,2.13,83.15789474,,,3.44,99.49748744,3.46,101.12994350000001,543294.0,Kyle,Hendricks,1989-12-07,CHC,28.0,Newport Beach,CA,USA,2014-07-10,30,10,11,12,13,14,15,16,17,18,19,20,21,22,23,24,25,26,27,28,29
42,Pedro Martinez,1.74,67.28110599,,,2.26,82.37066801,2.22,86.46616541,3.9,96.31336406,2.82,80.1843318,,,,,,,,,,,,,,,,,,,,,,,,,,,,,,,,1971-10-25,,,Manoguayabo,TX,USA,1992-09-24,48,28,29,30,31,32,33,34,35,36,37,38,39,40,41,42,43,44,45,46,47
43,Randy Johnson,2.64,89.04109589,2.49,81.05939005,2.32,85.0,,,2.6,78.71125612,3.79,99.46714032,5.0,102.9268293,,,3.91,105.97826090000002,,,,,,,,,,,,,,,,,,,,,,,,,,1958-08-15,,,Miami,FL,USA,1980-07-05,62,42,43,44,45,46,47,48,49,50,51,52,53,54,55,56,57,58,59,60,61
44,Greg Maddux,3.0,97.95262947,3.05,101.7167382,2.62,105.47463590000002,3.96,110.4997707,4.02,110.273327,4.24,112.0,4.2,111.42857140000001,4.14,118.68686869999999,4.22,109.27835049999999,,,,,,,,,,,,,,,,,,,,,,,,,,1966-04-14,,,San Angelo,NJ,USA,1986-09-03,54,34,35,36,37,38,39,40,41,42,43,44,45,46,47,48,49,50,51,52,53
45,Mike Hampton,3.14,96.22467772,5.41,123.1527094,6.15,131.8742985,3.84,105.26315790000001,4.28,122.6031377,,,,,,,,,,,,,,,,,,,,,,,,,,,,,,,,,,1972-09-09,,,Brooksville,MA,USA,1993-04-17,48,28,29,30,31,32,33,34,35,36,37,38,39,40,41,42,43,44,45,46,47
46,Al Leiter,3.2,92.30769231,3.31,101.01549969999999,3.48,101.4208721,3.99,105.99334070000002,3.21,85.45034642,,,,,,,,,,,,,,,,,,,,,,,,,,,,,,,,,,1965-10-23,,,Toms River,BC,Canada,1987-09-15,54,34,35,36,37,38,39,40,41,42,43,44,45,46,47,48,49,50,51,52,53
47,Tom Glavine,3.4,100.8298755,3.57,104.5184847,2.96,101.69491529999999,4.52,116.876024,3.6,101.3672796,3.53,113.69019420000001,3.82,109.59595959999999,4.45,115.942029,,,,,,,,,,,,,,,,,,,,,,,,,,,,1966-03-25,,,Concord,OH,USA,1987-08-17,54,34,35,36,37,38,39,40,41,42,43,44,45,46,47,48,49,50,51,52,53
48,Ryan Dempster,3.66,99.07120743,4.94,110.37423020000001,5.38,113.87559809999999,,,,,,,,,,,2.96,92.628516,3.65,103.5,3.85,99.0237099,4.8,109.35180600000001,3.38,96.53179191,4.57,104.03272940000001,,,,,,,,,,,,,,,,1977-05-03,,,Sechelt,VA,USA,1998-05-23,43,23,24,25,26,27,28,29,30,31,32,33,34,35,36,37,38,39,40,41,42
49,Roger Clemens,3.7,96.52131308,3.51,102.2262608,4.35,102.7777778,3.91,102.2727273,2.98,87.34236338,1.87,77.68829938,,,,,,,,,,,,,,,,,,,,,,,,,,,,,,,,1962-08-04,,,Dayton,OH,USA,1984-05-15,58,38,39,40,41,42,43,44,45,46,47,48,49,50,51,52,53,54,55,56,57
50,Woody Williams,3.75,96.42857143,4.05,108.6363636,,,3.87,108.08356040000001,4.18,107.8224101,4.85,114.9497487,,,5.27,119.1489362,,,,,,,,,,,,,,,,,,,,,,,,,,,,1966-08-19,,,Pamplin,PA,USA,1993-05-14,54,34,35,36,37,38,39,40,41,42,43,44,45,46,47,48,49,50,51,52,53
51,Livan Hernandez,3.75,112.91666670000001,5.24,123.34217509999999,4.38,113.42592590000001,3.2,102.960103,3.6,96.07843137,3.98,114.99390490000002,4.83,119.9074074,4.93,126.40862320000001,6.05,150.0,5.44,125.0,3.66,107.0075758,4.47,118.2181611,,,,,,,,,,,,,,,,,,,,1975-02-20,,,Villa Clara,SEE COUNTRY,Cuba,1996-09-24,45,25,26,27,28,29,30,31,32,33,34,35,36,37,38,39,40,41,42,43,44
52,Mike Mussina,3.79,104.1315346,3.15,95.96844873,4.05,105.0185874,3.4,97.57236228,4.59,115.71254569999999,4.41,118.30357140000001,3.51,100.9639777,5.15,130.9210526,3.37,116.94152920000002,,,,,,,,,,,,,,,,,,,,,,,,,,1968-12-08,,,Williamsport,GA,USA,1991-08-04,51,31,32,33,34,35,36,37,38,39,40,41,42,43,44,45,46,47,48,49,50
53,Curt Schilling,3.81,102.3322228,2.98,101.09289620000001,3.23,93.0142802,2.95,90.47619048,3.26,100.35366929999999,,,3.97,115.1960784,3.87,115.2317881,,,,,,,,,,,,,,,,,,,,,,,,,,,,1966-11-14,,,Anchorage,Puerto Plata,Dominican Republic,1988-09-07,53,33,34,35,36,37,38,39,40,41,42,43,44,45,46,47,48,49,50,51,52
54,Kris Benson,3.85,99.44751381,,,,,,,4.31,106.94652669999999,4.13,103.9632395,4.82,114.75409840000002,,,,,,,,,,,,,,,,,,,,,,,,,,,,,,1974-11-07,,,Kennesaw,IL,USA,1999-04-09,45,25,26,27,28,29,30,31,32,33,34,35,36,37,38,39,40,41,42,43,44
55,Bartolo Colon,3.88,94.68085106,4.09,105.3579469,2.93,102.5311025,3.87,98.34710744,5.01,111.96540120000002,3.48,106.21062109999998,,,,,,,,,,,4.0,109.6892139,3.43,112.4260355,2.65,110.9942136,4.09,115.2894607,4.16,118.94953659999999,3.43,112.44769869999999,,,,,,,,,,1973-05-24,,,Altamira,SEE COUNTRY,Puerto Rico,1997-04-04,47,27,28,29,30,31,32,33,34,35,36,37,38,39,40,41,42,43,44,45,46
56,Kirk Rueter,3.96,117.3913043,4.42,116.3505894,3.23,107.2834646,,,4.73,123.09310890000002,,,,,,,,,,,,,,,,,,,,,,,,,,,,,,,,,,1970-12-01,,,Hoyleton,OK,USA,1993-07-07,49,29,30,31,32,33,34,35,36,37,38,39,40,41,42,43,44,45,46,47,48
57,Javier Vazquez,4.05,118.7845304,3.42,95.43010753,3.91,109.95219469999999,3.24,91.65942659,4.91,105.55555559999999,4.42,108.7360595,4.84,107.3194857,3.74,98.0573543,4.67,108.6016338,2.87,89.45686901,5.32,105.0286442,3.69,99.37565036,,,,,,,,,,,,,,,,,,,,1976-07-25,,,Ponce,CA,USA,1998-04-03,44,24,25,26,27,28,29,30,31,32,33,34,35,36,37,38,39,40,41,42,43
58,Jamey Wright,4.1,99.87819732,4.9,109.1658084,,,,,,,5.46,122.15078899999999,5.19,110.89743590000002,,,,,,,,,,,,,,,,,,,,,,,,,,,,,,1974-12-24,,,Oklahoma City,GA,USA,1996-07-03,45,25,26,27,28,29,30,31,32,33,34,35,36,37,38,39,40,41,42,43,44
59,David Wells,4.11,124.78184990000001,,,3.75,111.1111111,4.14,120.65727700000001,3.73,110.1434426,4.45,127.71739129999999,,,5.43,133.6728199,,,,,,,,,,,,,,,,,,,,,,,,,,,,1963-05-20,,,Torrance,CA,USA,1987-06-30,57,37,38,39,40,41,42,43,44,45,46,47,48,49,50,51,52,53,54,55,56
60,Tim Hudson,4.14,93.51806037,3.37,99.57446809,2.98,105.8378832,2.7,88.75,3.53,109.45802340000002,3.52,108.33333329999999,4.86,113.70930770000001,3.33,105.7563588,,,,,2.83,90.2716915,3.22,95.34883721,3.62,102.79329609999999,,,3.57,109.9947118,,,,,,,,,,,,,,1975-07-14,,,Columbus,CA,USA,1999-06-08,45,25,26,27,28,29,30,31,32,33,34,35,36,37,38,39,40,41,42,43,44
61,Shawn Estes,4.26,109.94213570000001,4.02,100.62893079999999,5.1,109.86267169999999,5.73,124.9178172,5.84,117.82178219999999,,,,,,,,,,,,,,,,,,,,,,,,,,,,,,,,,,1973-02-18,,,San Bernardino,LA,USA,1995-09-16,47,27,28,29,30,31,32,33,34,35,36,37,38,39,40,41,42,43,44,45,46
62,Jeff Weaver,4.32,108.0,4.08,108.2496726,3.52,102.4096386,5.99,137.0207417,4.01,105.45454550000001,4.22,104.4642857,5.76,128.4883721,,,,,,,,,,,,,,,,,,,,,,,,,,,,,,1976-08-22,,,Northridge,CA,USA,1999-04-14,44,24,25,26,27,28,29,30,31,32,33,34,35,36,37,38,39,40,41,42,43
63,Andy Pettitte,4.35,116.5523996,3.99,119.38061940000001,,,4.02,119.1734743,,,2.39,92.30076542,4.2,117.7020084,4.05,117.6197118,4.54,121.0784314,4.16,106.5911432,,,,,,,3.74,112.9119395,,,,,,,,,,,,,,,,1972-06-15,,,Baton Rouge,IA,USA,1995-04-29,48,28,29,30,31,32,33,34,35,36,37,38,39,40,41,42,43,44,45,46,47
64,Randy Wolf,4.36,107.2295002,3.7,98.1595092,3.2,87.05994291,4.23,96.0,,,,,,,,,4.3,106.78590220000001,3.23,88.27650631,4.17,105.0185874,3.69,107.0249882,5.65,127.86259540000002,,,,,,,,,,,,,,,,,,1976-08-22,,,Canoga Park,WI,USA,1999-06-11,44,24,25,26,27,28,29,30,31,32,33,34,35,36,37,38,39,40,41,42,43
65,Jon Lieber,4.41,103.5856574,3.8,105.98879790000001,,,,,4.33,130.5334847,4.2,110.04126550000001,4.93,122.0238095,,,,,,,,,,,,,,,,,,,,,,,,,,,,,,1970-04-02,,,Council Bluffs,ND,USA,1994-05-15,50,30,31,32,33,34,35,36,37,38,39,40,41,42,43,44,45,46,47,48,49
66,Brad Radke,4.45,120.68965520000002,3.94,110.619469,,,4.49,120.6977841,3.48,109.4890511,4.04,111.3886114,4.32,128.9327576,,,,,,,,,,,,,,,,,,,,,,,,,,,,,,1972-10-27,,,Eau Claire,GA,USA,1995-04-29,47,27,28,29,30,31,32,33,34,35,36,37,38,39,40,41,42,43,44,45,46
67,Rick Helling,4.48,105.06912439999999,5.17,124.535316,4.51,108.4474886,5.17,112.90322579999999,,,,,,,,,,,,,,,,,,,,,,,,,,,,,,,,,,,,1970-12-15,,,Devils Lake,Baja California,Mexico,1994-04-10,49,29,30,31,32,33,34,35,36,37,38,39,40,41,42,43,44,45,46,47,48
68,Kenny Rogers,4.55,118.8903567,,,3.84,107.04091340000001,4.57,123.07692309999999,4.76,125.9469697,3.46,112.2501281,3.84,103.9215686,,,5.7,127.5981524,,,,,,,,,,,,,,,,,,,,,,,,,,1964-11-10,,,Savannah,NC,USA,1989-04-06,55,35,36,37,38,39,40,41,42,43,44,45,46,47,48,49,50,51,52,53,54
69,Esteban Loaiza,4.56,119.5379206,5.02,131.5789474,5.71,133.02448710000002,2.9,95.97523220000001,5.7,124.0437158,3.77,110.13824879999999,4.89,123.21660179999999,,,,,,,,,,,,,,,,,,,,,,,,,,,,,,1971-12-31,,,Tijuana,Osaka,Japan,1995-04-29,48,28,29,30,31,32,33,34,35,36,37,38,39,40,41,42,43,44,45,46,47
70,Kevin Millwood,4.66,105.08953819999999,,,3.24,94.00921659,4.01,100.90090090000001,,,2.86,99.47916667,4.52,113.48837209999999,5.16,129.5005807,5.07,136.1474435,3.67,104.94450049999999,5.1,119.3480547,,,4.25,108.07453419999999,,,,,,,,,,,,,,,,,,1974-12-24,,,Gastonia,CA,USA,1997-07-14,45,25,26,27,28,29,30,31,32,33,34,35,36,37,38,39,40,41,42,43,44
71,Hideo Nomo,4.74,104.7368421,4.5,92.92929293,3.39,93.13948205,3.09,87.57450711,,,,,,,,,,,,,,,,,,,,,,,,,,,,,,,,,,,,1968-08-31,,,Osaka,CA,USA,1995-05-02,52,32,33,34,35,36,37,38,39,40,41,42,43,44,45,46,47,48,49,50,51
72,Mark Redman,4.76,119.12640640000001,,,4.21,107.88177340000001,3.59,97.79179811,4.71,119.895288,4.9,108.3660865,5.71,127.54491019999999,,,,,,,,,,,,,,,,,,,,,,,,,,,,,,1974-01-05,,,San Diego,SEE COUNTRY,Aruba,1999-07-24,46,26,27,28,29,30,31,32,33,34,35,36,37,38,39,40,41,42,43,44,45
73,Steve Trachsel,4.8,119.8801199,4.46,103.3487298,3.37,104.5034642,3.78,107.7375122,4.0,106.330366,,,4.97,121.8026797,4.9,115.8227848,,,,,,,,,,,,,,,,,,,,,,,,,,,,1970-10-31,,,Oxnard,PA,USA,1993-09-19,49,29,30,31,32,33,34,35,36,37,38,39,40,41,42,43,44,45,46,47,48
74,Sidney Ponson,4.82,104.50450450000001,,,4.09,101.7045455,3.75,105.55555559999999,5.3,128.2527881,,,,,,,,,,,,,,,,,,,,,,,,,,,,,,,,,,1976-11-02,,,Noord,OK,USA,1998-04-19,43,23,24,25,26,27,28,29,30,31,32,33,34,35,36,37,38,39,40,41,42
75,Eric Milton,4.86,109.0,4.32,107.62942779999999,4.84,108.7719298,,,4.75,104.4776119,6.47,131.6496507,5.19,112.35216820000001,,,,,,,,,,,,,,,,,,,,,,,,,,,,,,1975-08-04,,,State College,CA,USA,1998-04-05,45,25,26,27,28,29,30,31,32,33,34,35,36,37,38,39,40,41,42,43,44
76,Jeff Suppan,4.94,115.2073733,4.37,108.66574969999999,5.32,114.42307690000001,4.19,112.745098,4.16,110.63829790000001,3.57,114.37403400000001,4.12,115.26315790000001,4.62,123.66634340000002,4.96,122.4604966,5.29,128.41191070000002,,,,,,,,,,,,,,,,,,,,,,,,1975-01-02,,,Oklahoma City,PA,USA,1995-07-17,45,25,26,27,28,29,30,31,32,33,34,35,36,37,38,39,40,41,42,43,44
77,Russ Ortiz,5.01,105.53278689999999,3.29,93.49220898,3.61,95.74964969999999,3.81,93.35219236,4.13,103.8197845,,,,,,,,,,,,,,,,,,,,,,,,,,,,,,,,,,1974-06-05,,,Van Nuys,Vargas,Venezuela,1998-04-02,46,26,27,28,29,30,31,32,33,34,35,36,37,38,39,40,41,42,43,44,45
78,Matt Clement,5.14,100.9756098,5.05,107.0372561,3.6,84.87804878,4.11,90.95427435,3.68,90.60773481,4.57,107.3298429,,,,,,,,,,,,,,,,,,,,,,,,,,,,,,,,1974-08-12,,,McCandless,IL,USA,1998-09-06,46,26,27,28,29,30,31,32,33,34,35,36,37,38,39,40,41,42,43,44,45
79,Kelvim Escobar,5.35,108.8888889,,,,,4.29,112.1599112,3.93,97.54925517,,,3.61,107.3506081,3.4,102.45901640000001,,,,,,,,,,,,,,,,,,,,,,,,,,,,1976-04-11,,,La Guaira,FL,USA,1997-06-29,44,24,25,26,27,28,29,30,31,32,33,34,35,36,37,38,39,40,41,42,43
80,Mark Mulder,5.44,129.87012990000002,3.45,102.5752946,3.47,97.05456301,3.13,104.726101,4.43,106.5719361,3.64,111.2195122,,,,,,,,,,,,,,,,,,,,,,,,,,,,,,,,1977-08-05,,,South Holland,PA,USA,2000-04-18,43,23,24,25,26,27,28,29,30,31,32,33,34,35,36,37,38,39,40,41,42
81,Tim Wakefield,5.48,110.62225020000001,3.9,98.09750297,2.81,80.93194359,4.09,100.9401286,4.87,111.1111111,4.15,100.3998223,,,4.76,110.0529101,4.13,90.60773481,,,,,5.12,110.2464332,,,,,,,,,,,,,,,,,,,,1966-08-02,,,Melbourne,NH,USA,1992-07-31,54,34,35,36,37,38,39,40,41,42,43,44,45,46,47,48,49,50,51,52,53
82,Jamie Moyer,5.49,120.77922079999999,3.43,98.94837476,3.32,91.65942659,3.27,102.3255814,5.21,110.89108909999999,4.28,119.0,4.3,113.2164851,5.01,118.5334003,3.71,109.6379398,4.94,116.66666670000001,,,,,,,,,,,,,,,,,,,,,,,,1962-11-18,,,Sellersville,Santiago,Dominican Republic,1986-06-16,57,37,38,39,40,41,42,43,44,45,46,47,48,49,50,51,52,53,54,55,56
83,Chris Carpenter,6.26,122.21587659999999,4.09,111.5241636,,,,,3.46,101.09890109999999,2.83,93.28358209,3.09,94.48462929,,,,,2.24,90.01040583,3.22,97.87234043,3.45,107.12779420000001,,,,,,,,,,,,,,,,,,,,1975-04-27,,,Exeter,NH,USA,1997-05-12,45,25,26,27,28,29,30,31,32,33,34,35,36,37,38,39,40,41,42,43,44
84,Jose Lima,6.65,131.56552779999998,5.54,122.88135590000002,,,,,4.07,112.28689009999998,6.99,133.1747919,,,,,,,,,,,,,,,,,,,,,,,,,,,,,,,,1972-09-30,,,Santiago,NY,USA,1994-04-20,48,28,29,30,31,32,33,34,35,36,37,38,39,40,41,42,43,44,45,46,47
85,Freddy Garcia,,,3.05,91.09991604,4.39,108.87096770000001,4.51,103.4311288,3.81,97.61904762,3.87,104.82456140000001,4.53,113.3734382,,,,,,,4.64,116.56050959999999,,,,,,,,,,,,,,,,,,,,,,1972-08-01,,,La Romana,MO,USA,1995-05-02,48,28,29,30,31,32,33,34,35,36,37,38,39,40,41,42,43,44,45,46,47
86,Matt Morris,,,3.16,111.0596946,3.42,108.04378870000001,3.76,101.6850668,4.72,108.91089109999999,4.11,116.024974,4.98,110.03861,4.89,126.135217,,,,,,,,,,,,,,,,,,,,,,,,,,,,1974-08-09,,,Middletown,NV,USA,1997-04-04,46,26,27,28,29,30,31,32,33,34,35,36,37,38,39,40,41,42,43,44,45
87,Mark Buehrle,,,3.29,92.26594301,3.58,106.69456070000001,4.14,114.73272490000001,3.89,111.38310890000001,3.12,108.38272649999999,4.99,126.96078429999999,3.63,108.45771140000001,3.79,116.86526119999999,3.84,110.2768653,4.28,123.2746311,3.59,114.0906875,3.74,103.908956,4.15,115.6496063,3.39,119.30693070000001,3.81,115.53985870000001,,,,,,,,,,,,1979-03-23,,,St. Charles,CA,USA,2000-07-16,41,21,22,23,24,25,26,27,28,29,30,31,32,33,34,35,36,37,38,39,40
88,Barry Zito,,,3.49,93.88136385,2.75,89.48057617,3.3,86.50519031,4.48,106.57276999999999,3.86,87.24243753,3.83,102.7149321,4.53,98.36901121,5.15,108.8888889,4.03,98.4375,4.15,96.93621296,,,4.15,109.1797936,,,,,,,,,,,,,,,,,,1978-05-13,,,Las Vegas,OK,USA,2000-07-22,42,22,23,24,25,26,27,28,29,30,31,32,33,34,35,36,37,38,39,40,41
89,Cory Lidle,,,3.59,97.34042553,3.89,103.64583329999999,5.75,118.6264308,4.9,111.79535770000001,4.53,121.06406080000001,4.85,113.3960047,,,,,,,,,,,,,,,,,,,,,,,,,,,,,,1972-03-22,,,Hollywood,WI,USA,1997-05-08,48,28,29,30,31,32,33,34,35,36,37,38,39,40,41,42,43,44,45,46,47
90,Brad Penny,,,3.69,94.14634146,,,4.13,106.5782764,,,3.9,109.65162759999998,4.33,117.4603175,3.03,103.36538459999998,,,4.88,116.6955517,,,5.3,128.5871965,,,,,,,,,,,,,,,,,,,,1978-05-24,,,Blackwell,OK,USA,2000-04-07,42,22,23,24,25,26,27,28,29,30,31,32,33,34,35,36,37,38,39,40,41
91,Jarrod Washburn,,,3.77,107.1983428,3.15,97.57281553,4.43,103.8145823,,,3.2,108.4133258,4.67,110.1604278,4.32,109.21325049999999,4.69,116.8407311,3.78,96.02272727,,,,,,,,,,,,,,,,,,,,,,,,1974-08-13,,,La Crosse,ID,USA,1998-06-02,46,26,27,28,29,30,31,32,33,34,35,36,37,38,39,40,41,42,43,44,45
92,A.J. Burnett,,,4.05,90.12131716,3.3,80.84272415,,,,,3.44,93.77990431,,,3.75,85.35108959,4.07,103.5730439,4.04,99.51690821,5.26,114.9301826,5.15,105.7338243,3.51,101.4349332,3.3,91.62303665,4.59,99.90619137,3.18,111.5853659,,,,,,,,,,,,1977-01-03,,,North Little Rock,AR,USA,1999-08-17,43,23,24,25,26,27,28,29,30,31,32,33,34,35,36,37,38,39,40,41,42
93,Jason Schmidt,,,4.07,100.5996003,3.45,86.9800108,2.34,81.56370656,3.2,81.33333333,4.4,100.0,3.59,93.85265134,,,,,,,,,,,,,,,,,,,,,,,,,,,,,,1973-01-29,,,Lewiston,Sanchez Ramirez,Dominican Republic,1995-04-28,47,27,28,29,30,31,32,33,34,35,36,37,38,39,40,41,42,43,44,45,46
94,Jason Johnson,,,4.09,104.0816327,,,4.18,119.45031709999999,5.13,117.22731909999999,4.54,114.7619048,,,,,,,,,,,,,,,,,,,,,,,,,,,,,,,,1973-10-27,,,Santa Barbara,CA,USA,1997-08-27,46,26,27,28,29,30,31,32,33,34,35,36,37,38,39,40,41,42,43,44,45
95,Ramon Ortiz,,,4.36,113.3525456,3.77,93.50529709999999,5.2,125.0,,,5.36,125.65751019999999,5.57,126.7087277,,,,,,,,,,,,,,,,,,,,,,,,,,,,,,1973-05-23,,,Cotui,PA,USA,1999-08-19,47,27,28,29,30,31,32,33,34,35,36,37,38,39,40,41,42,43,44,45,46
96,CC Sabathia,,,4.39,92.1710161,4.37,100.4761905,3.6,102.9411765,4.12,99.46808511,4.03,101.93679920000001,3.22,100.9365245,3.21,106.6390041,2.7,94.86166008,3.37,93.91304348,3.18,96.96458685,3.0,105.01897930000001,3.38,99.5,4.78,112.79620849999999,,,4.73,116.09814479999999,3.91,101.0044643,,,3.65,103.9215686,,,,,,1980-07-21,,,Vallejo,LA,USA,2001-04-08,40,20,21,22,23,24,25,26,27,28,29,30,31,32,33,34,35,36,37,38,39
97,Doug Davis,,,4.45,124.19354840000001,,,,,3.39,98.50313858,3.84,93.15931593,4.91,106.8439193,4.25,116.5452653,,,4.12,104.38207779999999,,,,,,,,,,,,,,,,,,,,,,,,1962-09-24,,,Bloomsburg,FL,USA,1988-07-08,58,38,39,40,41,42,43,44,45,46,47,48,49,50,51,52,53,54,55,56,57
98,Ben Sheets,,,4.76,117.1409662,4.15,114.70860309999999,4.45,110.35422340000002,2.7,89.87341772,3.33,97.31113956,,,,,3.09,97.93033821,,,,,,,,,,,,,,,,,,,,,,,,,,1978-07-18,,,Baton Rouge,MI,USA,2001-04-05,42,22,23,24,25,26,27,28,29,30,31,32,33,34,35,36,37,38,39,40,41
99,Paul Wilson,,,4.88,114.4937128,4.83,116.45962730000001,4.64,119.133574,4.36,110.80786029999999,,,,,,,,,,,,,,,,,,,,,,,,,,,,,,,,,,1973-03-28,,,Orlando,CO,USA,1996-04-04,47,27,28,29,30,31,32,33,34,35,36,37,38,39,40,41,42,43,44,45,46
100,Derek Lowe,,,,,2.58,85.31021898,4.47,114.72181189999999,5.42,130.6256861,3.61,105.85585590000001,3.63,108.7155963,3.88,103.46559520000001,3.24,98.57819905,4.67,127.1884655,4.0,113.87163559999999,5.05,118.18181820000001,,,,,,,,,,,,,,,,,,,,1973-06-01,,,Dearborn,San Juan,Dominican Republic,1997-04-26,47,27,28,29,30,31,32,33,34,35,36,37,38,39,40,41,42,43,44,45,46
101,Roy Halladay,,,,,2.93,101.2128816,3.25,103.38345859999998,,,,,3.19,101.81818179999999,3.71,110.1732563,2.78,97.56097561,2.79,105.0209205,2.44,100.7194245,2.35,97.34133791,4.49,106.34208840000001,,,,,,,,,,,,,,,,,,1977-05-14,,,Denver,MS,USA,1998-09-20,43,23,24,25,26,27,28,29,30,31,32,33,34,35,36,37,38,39,40,41,42
102,Odalis Perez,,,,,3.0,88.69878433,4.52,109.67044840000001,3.25,95.35951045,,,,,,,4.34,118.718593,,,,,,,,,,,,,,,,,,,,,,,,,,1978-06-11,,,Las Matas de Farfan,SEE COUNTRY,Puerto Rico,1998-09-01,42,22,23,24,25,26,27,28,29,30,31,32,33,34,35,36,37,38,39,40,41
103,Roy Oswalt,,,,,3.01,100.42918449999999,,,3.49,106.75105490000001,2.94,109.0381426,2.98,106.7211626,3.18,110.84905659999998,3.54,103.7463977,4.12,105.46659299999999,2.76,82.85984848,,,,,,,,,,,,,,,,,,,,,,1977-08-29,,,Kosciusko,Chinandega,Nicaragua,2001-05-06,43,23,24,25,26,27,28,29,30,31,32,33,34,35,36,37,38,39,40,41,42
104,Joel Pineiro,,,,,3.24,104.58526529999999,3.78,98.48484848,,,5.62,122.2222222,6.36,131.35593219999998,,,,,3.49,108.87850470000001,3.84,108.4812623,,,,,,,,,,,,,,,,,,,,,,1978-09-25,,,Rio Piedras,Estado de Mexico,Mexico,2000-08-08,42,22,23,24,25,26,27,28,29,30,31,32,33,34,35,36,37,38,39,40,41
105,Vicente Padilla,,,,,3.28,102.9126214,3.62,100.8645533,,,,,4.5,110.5,,,4.74,116.374269,,,,,,,,,,,,,,,,,,,,,,,,,,1977-09-27,,,Chinandega,TX,USA,1999-06-29,43,23,24,25,26,27,28,29,30,31,32,33,34,35,36,37,38,39,40,41,42
106,Rodrigo Lopez,,,,,3.57,95.31090724,,,3.59,104.5828437,4.9,118.1252989,5.9,128.5714286,,,,,,,5.0,117.0,,,,,,,,,,,,,,,,,,,,,,1975-12-14,,,Tlalnepantla,CO,USA,2000-04-29,44,24,25,26,27,28,29,30,31,32,33,34,35,36,37,38,39,40,41,42,43
107,Kip Wells,,,,,3.58,105.5022716,3.28,91.83155758,,,5.09,106.5934066,,,5.7,118.98890259999999,,,,,,,,,,,,,,,,,,,,,,,,,,,,1977-04-21,,,Houston,KY,USA,1999-08-02,43,23,24,25,26,27,28,29,30,31,32,33,34,35,36,37,38,39,40,41,42
108,Brian Lawrence,,,,,3.69,115.2380952,4.19,102.7592769,4.12,118.7192118,4.83,111.68032790000001,,,,,,,,,,,,,,,,,,,,,,,,,,,,,,,,1976-05-14,,,Fort Collins,CA,USA,2001-04-15,44,24,25,26,27,28,29,30,31,32,33,34,35,36,37,38,39,40,41,42,43
109,Paul Byrd,,,,,3.9,105.65541429999999,,,,,3.74,111.7099461,4.88,135.19553069999998,4.59,132.2228006,4.6,119.44444440000001,,,,,,,,,,,,,,,,,,,,,,,,,,1970-12-03,,,Louisville,Distrito Nacional,Dominican Republic,1995-07-28,49,29,30,31,32,33,34,35,36,37,38,39,40,41,42,43,44,45,46,47,48
110,Kyle Lohse,,,,,4.23,107.65815759999998,4.61,111.94029850000001,5.34,128.3505155,4.18,123.45679009999998,,,4.62,112.38293440000001,3.78,113.0,,,,,3.39,102.0733652,2.86,98.57819905,3.35,104.4399596,3.54,98.93992933,5.85,121.63050619999999,,,,,,,,,,,,1978-10-04,,,Chico,MA,USA,2001-06-22,42,22,23,24,25,26,27,28,29,30,31,32,33,34,35,36,37,38,39,40,41
111,Miguel Batista,,,,,4.29,97.71986971,3.54,107.1983428,4.8,108.9808274,,,4.58,117.4187288,4.29,116.58031090000001,,,,,,,,,,,,,,,,,,,,,,,,,,,,1971-02-19,,,Santo Domingo,OH,USA,1992-04-11,49,29,30,31,32,33,34,35,36,37,38,39,40,41,42,43,44,45,46,47,48
112,Josh Fogg,,,,,4.35,108.70685209999999,,,4.64,114.5423919,5.05,119.45594320000001,5.49,126.16279070000002,4.94,123.4866828,,,,,,,,,,,,,,,,,,,,,,,,,,,,1976-12-13,,,Lynn,TX,USA,2001-09-02,43,23,24,25,26,27,28,29,30,31,32,33,34,35,36,37,38,39,40,41,42
113,Brett Tomko,,,,,4.49,108.7702107,5.28,131.0583581,4.04,106.7010309,4.48,111.9873817,,,,,,,,,,,,,,,,,,,,,,,,,,,,,,,,1973-04-07,,,Cleveland,CA,USA,1997-05-27,47,27,28,29,30,31,32,33,34,35,36,37,38,39,40,41,42,43,44,45,46
114,Jason Jennings,,,,,4.52,117.23392759999999,5.11,123.6885699,5.51,125.37313429999999,,,3.78,101.41509429999999,,,,,,,,,,,,,,,,,,,,,,,,,,,,,,1978-07-17,,,Dallas,KY,USA,2001-08-23,42,22,23,24,25,26,27,28,29,30,31,32,33,34,35,36,37,38,39,40,41
115,Jon Garland,,,,,4.58,104.0582726,4.51,104.6025105,4.89,108.29493090000001,3.5,104.07239820000001,4.51,125.5329228,4.23,110.04324840000001,4.9,127.930683,4.01,115.68627450000001,3.47,95.0,,,,,,,,,,,,,,,,,,,,,,1979-09-27,,,Valencia,Merida,Venezuela,2000-07-04,41,21,22,23,24,25,26,27,28,29,30,31,32,33,34,35,36,37,38,39,40
116,Brandon Webb,,,,,,,2.84,83.24084351,3.59,96.63461538,3.54,106.1135371,3.1,98.72340426,3.01,96.14570097,3.3,100.79575600000001,,,,,,,,,,,,,,,,,,,,,,,,,,1979-05-09,,,Ashland,Carabobo,Venezuela,2003-04-22,41,21,22,23,24,25,26,27,28,29,30,31,32,33,34,35,36,37,38,39,40
117,Johan Santana,,,,,,,3.07,87.91903858,2.61,77.19298246,2.87,84.77508651,2.77,87.90737564,3.33,90.4109589,2.53,94.83126869,3.13,101.68471720000001,2.98,95.47738693,,,,,,,,,,,,,,,,,,,,,,1979-03-13,,,Tovar,CA,USA,2000-04-03,41,21,22,23,24,25,26,27,28,29,30,31,32,33,34,35,36,37,38,39,40
118,Carlos Zambrano,,,,,,,3.11,93.92523364,2.75,90.82217973,3.26,82.4742268,3.41,83.17757009,3.95,94.86348913,3.91,98.83103082,3.77,96.98403312,,,,,,,,,,,,,,,,,,,,,,,,1981-06-01,,,Puerto Cabello,AL,USA,2001-08-20,39,19,20,21,22,23,24,25,26,27,28,29,30,31,32,33,34,35,36,37,38
119,Dontrelle Willis,,,,,,,3.3,101.1235955,4.02,111.67512690000001,2.63,99.53409572,3.87,110.2644554,5.17,122.3793272,,,,,,,,,,,,,,,,,,,,,,,,,,,,1982-01-12,,,Oakland,CT,USA,2003-05-09,38,18,19,20,21,22,23,24,25,26,27,28,29,30,31,32,33,34,35,36,37
120,Jake Peavy,,,,,,,4.11,95.26261586,2.27,96.92956051,2.88,86.20689655,4.09,97.97130134,2.54,84.26714478,2.85,90.06928406,,,,,,,3.37,92.23744292,,,3.73,100.3956479,,,,,,,,,,,,,,1981-05-31,,,Mobile,CA,USA,2002-06-22,39,19,20,21,22,23,24,25,26,27,28,29,30,31,32,33,34,35,36,37,38
121,Carl Pavano,,,,,,,4.3,107.4626866,3.0,103.5569563,,,,,,,,,5.1,125.0627825,3.75,110.4072398,4.3,122.07207209999999,,,,,,,,,,,,,,,,,,,,1976-01-08,,,New Britain,FL,USA,1998-05-23,44,24,25,26,27,28,29,30,31,32,33,34,35,36,37,38,39,40,41,42,43
122,Ted Lilly,,,,,,,4.34,107.24312179999998,4.06,92.84627093,,,4.31,107.06401770000001,3.83,94.68599034,4.09,99.90205681,3.1,92.09039548,3.62,90.57971014,3.97,95.73361082,,,,,,,,,,,,,,,,,,,,1976-01-04,,,Lomita,LA,USA,1999-05-14,44,24,25,26,27,28,29,30,31,32,33,34,35,36,37,38,39,40,41,42,43
123,Brett Myers,,,,,,,4.43,113.47150259999998,5.52,117.6136364,3.72,95.76940958,3.91,104.04040400000001,,,4.55,108.94736840000002,,,3.14,101.2544803,4.46,107.87037040000001,,,,,,,,,,,,,,,,,,,,1980-08-17,,,Jacksonville,TX,USA,2002-07-24,40,20,21,22,23,24,25,26,27,28,29,30,31,32,33,34,35,36,37,38,39
124,Gil Meche,,,,,,,4.59,108.5437937,,,,,4.48,104.189044,3.67,105.0925926,3.98,103.7601142,,,,,,,,,,,,,,,,,,,,,,,,,,1978-09-08,,,Lafayette,WA,USA,1999-07-06,42,22,23,24,25,26,27,28,29,30,31,32,33,34,35,36,37,38,39,40,41
125,John Lackey,,,,,,,4.63,114.21568629999999,4.67,115.59818270000001,3.44,106.22009569999999,3.56,99.44751381,3.01,106.25,3.75,106.06989579999998,3.83,106.7575241,4.4,114.8837209,6.41,134.375,,,3.52,99.94711793,3.82,111.1111111,2.77,102.7522936,3.35,83.46624136,4.59,103.9952996,,,,,,,,1978-10-23,,,Abilene,WA,USA,2002-06-24,41,21,22,23,24,25,26,27,28,29,30,31,32,33,34,35,36,37,38,39,40
126,Mark Hendrickson,,,,,,,5.51,136.6223909,4.81,120.6990715,5.9,133.6327906,4.21,109.0133983,,,,,,,,,,,,,,,,,,,,,,,,,,,,,,1974-06-23,,,Mount Vernon,GA,USA,2002-08-06,46,26,27,28,29,30,31,32,33,34,35,36,37,38,39,40,41,42,43,44,45
127,Jeremy Bonderman,,,,,,,5.56,122.83950619999999,4.89,97.28260870000001,4.57,112.6984127,4.08,106.5420561,5.01,117.1740379,,,,,5.53,114.0350877,,,,,,,,,,,,,,,,,,,,,,1982-10-28,,,Kennewick,NY,USA,2003-04-02,37,17,18,19,20,21,22,23,24,25,26,27,28,29,30,31,32,33,34,35,36
128,Jake Westbrook,,,,,,,,,3.38,103.15985129999999,4.49,110.84681259999999,4.17,124.11179540000002,4.32,108.55263159999998,,,,,4.22,105.3412463,4.66,120.15292190000001,3.97,117.10677379999998,,,,,,,,,,,,,,,,,,1977-09-29,,,Athens,TX,USA,2000-06-17,43,23,24,25,26,27,28,29,30,31,32,33,34,35,36,37,38,39,40,41,42
129,Jason Marquis,,,,,,,,,3.71,114.3709597,4.13,105.7971014,6.02,121.0716126,4.6,105.64853559999999,4.53,109.5808383,4.04,107.87037040000001,,,,,,,,,,,,,,,,,,,,,,,,1978-08-21,,,Manhasset,FL,USA,2000-06-06,42,22,23,24,25,26,27,28,29,30,31,32,33,34,35,36,37,38,39,40,41
130,Josh Beckett,,,,,,,,,3.79,93.46991037,3.38,94.27609428,5.01,101.3712047,3.27,104.39560440000001,4.03,106.2607697,3.86,101.3672796,,,2.89,82.38341969,4.65,106.4079953,,,,,,,,,,,,,,,,,,1980-05-15,,,Spring,Bolivar,Venezuela,2001-09-04,40,20,21,22,23,24,25,26,27,28,29,30,31,32,33,34,35,36,37,38,39
131,Bronson Arroyo,,,,,,,,,4.03,101.5712682,4.51,110.6777182,3.29,98.25145712,4.23,114.65271170000001,4.77,117.0,3.84,104.0436165,3.88,95.26022305,5.07,118.5929648,3.74,109.4059406,3.79,105.4455446,,,,,,,,,,,,,,,,1977-02-24,,,Key West,CA,USA,2000-06-12,43,23,24,25,26,27,28,29,30,31,32,33,34,35,36,37,38,39,40,41,42
132,Carlos Silva,,,,,,,,,4.21,132.51231529999998,3.44,117.49069640000002,5.94,142.6985008,4.19,119.80198020000002,6.46,141.7374265,,,,,,,,,,,,,,,,,,,,,,,,,,1979-04-23,,,Bolivar,KS,USA,2002-04-01,41,21,22,23,24,25,26,27,28,29,30,31,32,33,34,35,36,37,38,39,40
133,Aaron Harang,,,,,,,,,4.86,116.1490683,3.83,107.95454550000001,3.76,110.2093123,3.73,99.04844291,4.78,114.61162409999999,4.21,118.44540409999999,,,3.64,111.0458284,3.61,98.77232143,,,3.57,111.2199902,4.86,113.3062173,,,,,,,,,,,,1978-05-09,,,San Diego,NE,USA,2002-05-25,42,22,23,24,25,26,27,28,29,30,31,32,33,34,35,36,37,38,39,40,41
134,Nate Robertson,,,,,,,,,4.9,113.14984709999999,4.48,106.5239551,3.84,105.1873199,4.76,117.38148980000001,6.35,133.7693222,,,,,,,,,,,,,,,,,,,,,,,,,,1977-09-03,,,Wichita,KS,USA,2002-09-07,43,23,24,25,26,27,28,29,30,31,32,33,34,35,36,37,38,39,40,41,42
135,Cliff Lee,,,,,,,,,5.43,112.849162,3.79,104.95049499999999,4.4,118.8811189,,,2.54,105.7821605,3.22,112.02422150000001,3.18,97.59547383,2.4,92.16192937,3.16,100.9478673,2.87,93.15931593,,,,,,,,,,,,,,,,1978-08-30,,,Benton,AR,USA,2019-05-15,42,22,23,24,25,26,27,28,29,30,31,32,33,34,35,36,37,38,39,40,41
136,Jose Contreras,,,,,,,,,5.5,105.23221629999999,3.61,94.02546523,4.27,105.61224490000001,5.57,128.042328,,,,,,,,,,,,,,,,,,,,,,,,,,,,1971-12-06,,,Las Martinas,SEE COUNTRY,Cuba,2003-03-31,48,28,29,30,31,32,33,34,35,36,37,38,39,40,41,42,43,44,45,46,47
137,Joe Blanton,,,,,,,,,,,3.53,94.48035803,4.82,132.4059763,3.95,110.43478259999999,4.69,111.56186609999999,4.05,107.6371092,4.82,122.716895,,,4.71,113.61256540000001,,,,,,,,,,,,,,,,,,1980-12-11,,,Bowling Green,TX,USA,2004-09-21,39,19,20,21,22,23,24,25,26,27,28,29,30,31,32,33,34,35,36,37,38
138,Dan Haren,,,,,,,,,,,3.73,104.14746540000002,4.12,106.7264574,3.07,103.06030600000001,3.33,101.85185190000001,3.14,89.91706678,3.91,109.36170209999999,3.17,95.33809324,4.33,114.64245179999999,4.67,111.7021277,4.02,105.37634409999998,3.6,98.87760556,,,,,,,,,,,,1980-09-17,,,Monterey Park,MA,USA,2003-06-30,40,20,21,22,23,24,25,26,27,28,29,30,31,32,33,34,35,36,37,38,39
139,Scott Kazmir,,,,,,,,,,,3.77,97.84946237,,,3.48,101.35790490000001,3.49,88.75739645,,,,,,,,,4.04,108.8607595,3.55,97.84324040000001,3.1,92.34972678,,,,,,,,,,,,1984-01-24,,,Houston,TX,USA,2004-08-23,36,16,17,18,19,20,21,22,23,24,25,26,27,28,29,30,31,32,33,34,35
140,Chris Capuano,,,,,,,,,,,3.99,105.0228311,4.03,108.5481682,,,,,,,,,4.55,112.36559140000001,3.72,100.95911159999999,,,,,,,,,,,,,,,,,,1978-08-19,,,Springfield,BC,Canada,2003-05-04,42,22,23,24,25,26,27,28,29,30,31,32,33,34,35,36,37,38,39,40,41
141,Chris Young,,,,,,,,,,,4.26,105.9683313,3.46,80.96035734,3.12,73.41040462,,,,,,,,,,,,,3.65,93.93939394,,,,,,,,,,,,,,1979-05-25,,,Dallas,TX,USA,2004-08-24,41,21,22,23,24,25,26,27,28,29,30,31,32,33,34,35,36,37,38,39,40
142,Jeff Francis,,,,,,,,,,,5.68,132.0960699,4.16,100.50251259999999,4.22,116.68991170000001,,,,,,,4.82,125.6830601,,,,,,,,,,,,,,,,,,,,1981-01-08,,,Vancouver,AL,USA,2004-08-25,39,19,20,21,22,23,24,25,26,27,28,29,30,31,32,33,34,35,36,37,38
143,Josh Johnson,,,,,,,,,,,,,3.1,94.26751592,,,,,3.23,95.215311,2.3,90.61135371,,,3.81,98.37781266,,,,,,,,,,,,,,,,,,1984-01-31,,,Minneapolis,KY,USA,2005-09-10,36,16,17,18,19,20,21,22,23,24,25,26,27,28,29,30,31,32,33,34,35
144,Matt Cain,,,,,,,,,,,,,4.15,89.37960042,3.65,90.0,3.76,98.5267035,2.89,91.16022099,3.14,86.95652174,2.88,85.44303797,2.79,88.08763122,4.0,90.16838675,,,,,,,,,,,,,,,,1984-10-01,,,Dothan,La Romana,Dominican Republic,2005-08-29,36,16,17,18,19,20,21,22,23,24,25,26,27,28,29,30,31,32,33,34,35
145,Aaron Cook,,,,,,,,,,,,,4.23,118.2846371,4.12,112.04819280000001,3.96,119.37470390000001,4.16,117.721519,,,,,,,,,,,,,,,,,,,,,,,,1979-02-08,,,Fort Campbell,PA,USA,2002-08-10,41,21,22,23,24,25,26,27,28,29,30,31,32,33,34,35,36,37,38,39,40
146,Ervin Santana,,,,,,,,,,,,,4.28,96.56862745,,,3.49,97.71689498,,,3.92,107.1107111,3.38,95.53023663,5.16,97.75280899,3.24,94.31279621,3.95,105.61224490000001,,,3.38,96.63169520000001,3.28,91.42586452,,,,,,,,1982-12-12,,,La Romana,TX,USA,2005-05-17,37,17,18,19,20,21,22,23,24,25,26,27,28,29,30,31,32,33,34,35,36
147,Dave Bush,,,,,,,,,,,,,4.41,101.42857140000001,5.12,123.05212250000001,4.18,92.97297297,,,4.54,118.32280300000001,,,,,,,,,,,,,,,,,,,,,,1979-11-09,,,Pittsburgh,Carabobo,Venezuela,2004-07-02,40,20,21,22,23,24,25,26,27,28,29,30,31,32,33,34,35,36,37,38,39
148,Zach Duke,,,,,,,,,,,,,4.47,123.19851229999999,,,4.82,127.027027,4.06,113.6150235,5.72,138.3647799,,,,,,,,,,,,,,,,,,,,,,1983-04-19,,,Clifton,MS,USA,2005-07-02,37,17,18,19,20,21,22,23,24,25,26,27,28,29,30,31,32,33,34,35,36
149,Felix Hernandez,,,,,,,,,,,,,4.52,108.37696340000001,3.92,117.3066807,3.45,103.3966034,2.49,91.93954659999999,2.27,83.06581059,3.47,99.48542024,3.06,95.68965517,3.04,96.52131308,2.14,78.38983051,3.53,98.40954274,3.82,97.32201176,,,5.55,107.60309280000001,,,,,,1986-04-08,,,Valencia,Distrito Nacional,Dominican Republic,2005-08-04,34,14,15,16,17,18,19,20,21,22,23,24,25,26,27,28,29,30,31,32,33
150,Paul Maholm,,,,,,,,,,,,,4.76,119.31818179999999,5.02,120.76749440000002,3.71,101.8922853,4.44,117.91967040000002,5.1,128.0388979,3.66,102.4059223,3.67,101.05820109999999,4.41,116.99346409999998,,,,,,,,,,,,,,,,1982-06-25,,,Greenwood,OR,USA,2005-08-30,38,18,19,20,21,22,23,24,25,26,27,28,29,30,31,32,33,34,35,36,37
151,Roberto Hernandez,,,,,,,,,,,,,,,3.06,101.39534880000001,,,,,3.77,102.8081866,5.25,112.64612109999999,,,4.89,112.5827815,4.1,99.87819732,,,,,,,,,,,,,,1980-08-30,,,Santo Domingo,SEE COUNTRY,Dominican Republic,2006-04-15,40,20,21,22,23,24,25,26,27,28,29,30,31,32,33,34,35,36,37,38,39
152,Jeremy Guthrie,,,,,,,,,,,,,,,3.7,98.22958309999999,3.63,97.79179811,5.04,117.0,3.83,97.56097561,4.33,106.7307692,4.76,118.1015453,4.04,118.844697,4.13,112.7596439,,,,,,,,,,,,,,1979-04-08,,,Roseburg,CA,USA,2004-08-28,41,21,22,23,24,25,26,27,28,29,30,31,32,33,34,35,36,37,38,39,40
153,James Shields,,,,,,,,,,,,,,,3.85,99.53488372,3.56,103.255814,4.14,114.0510949,5.18,127.5233875,2.82,84.70493778,3.52,98.15140845,3.15,99.91235758,3.21,104.845815,3.91,99.95051954,5.85,118.1015453,,,4.53,96.47404505,,,,,,1981-12-20,,,Newhall,MO,USA,2006-05-31,38,18,19,20,21,22,23,24,25,26,27,28,29,30,31,32,33,34,35,36,37
154,Jered Weaver,,,,,,,,,,,,,,,3.91,118.63354040000002,4.33,104.42678769999999,3.75,100.4739336,3.01,89.24587238,2.41,85.03401361,2.81,88.73538789,3.27,97.33939001,3.59,99.01454716,4.64,106.91823899999999,5.06,124.1573034,,,,,,,,,,1982-10-04,,,Northridge,Santiago Rodriguez,Dominican Republic,2006-05-27,38,18,19,20,21,22,23,24,25,26,27,28,29,30,31,32,33,34,35,36,37
155,Shaun Marcum,,,,,,,,,,,,,,,4.13,101.2578616,3.39,89.34480477,,,3.64,99.43618657,3.54,93.90609391,,,,,,,,,,,,,,,,,,,,1981-12-14,,,Kansas City,Bavaria,Germany,2005-09-06,38,18,19,20,21,22,23,24,25,26,27,28,29,30,31,32,33,34,35,36,37
156,Wandy Rodriguez,,,,,,,,,,,,,,,4.58,103.18331500000001,,,3.02,100.3898635,3.6,99.48717949,3.49,101.0471204,3.76,105.75048729999999,,,,,,,,,,,,,,,,,,1979-01-18,,,Santiago Rodriguez,WA,USA,2005-05-23,41,21,22,23,24,25,26,27,28,29,30,31,32,33,34,35,36,37,38,39,40
157,Edwin Jackson,,,,,,,,,,,,,,,5.76,124.22360249999998,4.42,116.3298744,3.62,99.53271028,4.47,107.1257771,3.79,118.97590359999998,4.03,96.7230444,4.98,117.07595659999998,,,,,,,,,,,,,,,,1983-09-09,,,Neu-Ulm,OH,USA,2003-09-09,37,17,18,19,20,21,22,23,24,25,26,27,28,29,30,31,32,33,34,35,36
158,Tim Lincecum,,,,,,,,,,,,,,,,,2.62,88.10572687,2.48,81.29720124,3.43,99.00990099,2.74,87.09677419,5.18,103.7634409,4.37,98.37728195,4.74,106.9587629,,,,,,,,,,,,,,1984-06-15,,,Bellevue,Distrito Nacional,Dominican Republic,2007-05-06,36,16,17,18,19,20,21,22,23,24,25,26,27,28,29,30,31,32,33,34,35
159,Chad Billingsley,,,,,,,,,,,,,,,,,3.14,101.89810190000001,4.03,94.33962264,3.57,98.32635983,4.21,106.3829787,,,,,,,,,,,,,,,,,,,,1984-07-29,,,Defiance,TX,USA,2006-06-15,36,16,17,18,19,20,21,22,23,24,25,26,27,28,29,30,31,32,33,34,35
160,Edinson Volquez,,,,,,,,,,,,,,,,,3.21,93.87755102,,,,,,,4.14,93.85290889,5.71,118.7536743,3.04,93.13215401,3.55,101.4492754,5.37,120.0423057,,,,,,,,,,1983-07-03,,,Santo Domingo,VA,USA,2005-08-30,37,17,18,19,20,21,22,23,24,25,26,27,28,29,30,31,32,33,34,35,36
161,John Danks,,,,,,,,,,,,,,,,,3.32,99.48717949,3.77,98.45077461,3.72,95.77464789,4.33,111.6990006,,,,,4.74,111.8012422,4.71,113.99548529999998,,,,,,,,,,,,1985-04-15,,,Austin,CA,USA,2007-04-08,35,15,16,17,18,19,20,21,22,23,24,25,26,27,28,29,30,31,32,33,34
162,Joe Saunders,,,,,,,,,,,,,,,,,3.41,103.030303,4.6,117.2043011,4.47,118.66075819999999,3.69,104.7169811,4.07,117.10677379999998,5.26,132.7868852,,,,,,,,,,,,,,,,1981-06-16,,,Fairfax,CA,USA,2005-08-16,39,19,20,21,22,23,24,25,26,27,28,29,30,31,32,33,34,35,36,37,38
163,Ricky Nolasco,,,,,,,,,,,,,,,,,3.52,97.59547383,5.06,108.6486486,4.51,116.41221370000001,4.67,123.30097090000001,4.48,118.32460729999998,3.7,104.4701155,5.38,131.4465409,,,4.42,106.49087220000001,4.92,116.57458559999999,,,,,,,,1982-12-13,,,Corona,OH,USA,2006-04-05,37,17,18,19,20,21,22,23,24,25,26,27,28,29,30,31,32,33,34,35,36
164,Matt Garza,,,,,,,,,,,,,,,,,3.7,98.26275787,3.95,91.13300493,3.91,101.86092070000001,3.32,98.98989899,,,3.82,103.15925209999999,3.64,92.5812385,,,,,,,,,,,,,,1983-11-26,,,Selma,Osaka,Japan,2006-08-11,36,16,17,18,19,20,21,22,23,24,25,26,27,28,29,30,31,32,33,34,35
165,Mike Pelfrey,,,,,,,,,,,,,,,,,3.72,110.88911090000002,5.03,121.1298207,3.66,111.76470590000001,4.74,117.494824,,,5.19,124.17871219999999,,,4.26,124.23873329999999,,,,,,,,,,,,1984-01-14,,,Wright Patterson AFB,MD,USA,2006-07-08,36,16,17,18,19,20,21,22,23,24,25,26,27,28,29,30,31,32,33,34,35
166,Hiroki Kuroda,,,,,,,,,,,,,,,,,3.73,103.76843259999998,,,3.39,97.39928608,3.07,103.4653465,3.32,100.8211679,3.31,100.44753850000001,3.71,101.5075377,,,,,,,,,,,,,,1975-02-10,,,Osaka,Maria Trinidad Sanchez,Dominican Republic,2008-04-04,45,25,26,27,28,29,30,31,32,33,34,35,36,37,38,39,40,41,42,43,44
167,Gavin Floyd,,,,,,,,,,,,,,,,,3.84,100.43668120000001,4.06,97.92746114,4.08,111.7049706,4.37,99.37888199,4.29,105.952381,,,,,,,,,,,,,,,,,,1983-01-27,,,Annapolis,HI,USA,2004-09-03,37,17,18,19,20,21,22,23,24,25,26,27,28,29,30,31,32,33,34,35,36
168,Ubaldo Jimenez,,,,,,,,,,,,,,,,,3.99,97.88092836,3.47,90.82568807,2.88,82.73056058,4.68,104.1998937,5.4,112.93984109999998,3.3,96.59714599,,,4.11,105.43478259999999,,,,,,,,,,,,1984-01-22,,,Nagua,TX,USA,2006-09-26,36,16,17,18,19,20,21,22,23,24,25,26,27,28,29,30,31,32,33,34,35
169,Scott Feldman,,,,,,,,,,,,,,,,,5.29,110.52283259999999,4.08,103.0655391,,,,,,,3.86,94.37086093,3.74,107.16268740000001,,,,,,,,,,,,,,1983-02-07,,,Kailua,Michoacan,Mexico,2005-08-31,37,17,18,19,20,21,22,23,24,25,26,27,28,29,30,31,32,33,34,35,36
170,Kyle Kendrick,,,,,,,,,,,,,,,,,5.49,132.0876289,,,4.73,116.53718090000001,,,3.9,103.7083595,4.7,119.2307692,4.61,112.56281409999998,,,,,,,,,,,,,,1984-08-26,,,Houston,CA,USA,2007-06-13,36,16,17,18,19,20,21,22,23,24,25,26,27,28,29,30,31,32,33,34,35
171,Yovani Gallardo,,,,,,,,,,,,,,,,,,,3.73,88.01295896,3.84,103.7837838,3.52,101.4002897,3.66,98.52941176,4.18,106.54827970000001,3.51,105.67412809999999,3.42,111.89570890000002,,,,,,,,,,,,1986-02-27,,,Penjamillo,CA,USA,2007-06-18,34,14,15,16,17,18,19,20,21,22,23,24,25,26,27,28,29,30,31,32,33
172,Kevin Correia,,,,,,,,,,,,,,,,,,,3.91,104.04040400000001,,,4.79,121.42857140000001,4.21,109.94152050000001,4.18,122.63641270000001,5.44,128.5714286,,,,,,,,,,,,,,1980-08-24,,,San Diego,SC,USA,2003-07-10,40,20,21,22,23,24,25,26,27,28,29,30,31,32,33,34,35,36,37,38,39
173,Ricky Romero,,,,,,,,,,,,,,,,,,,4.3,115.16853929999999,3.73,96.66666667,2.92,84.88888889,5.77,114.3646409,,,,,,,,,,,,,,,,,,1984-11-06,,,East Los Angeles,IN,USA,2009-04-09,35,15,16,17,18,19,20,21,22,23,24,25,26,27,28,29,30,31,32,33,34
174,Jason Hammel,,,,,,,,,,,,,,,,,,,4.33,120.8853575,4.81,119.07449209999999,4.76,106.9958848,,,,,3.47,93.12890403,3.74,98.70740306,3.83,98.0746089,5.29,120.48861740000001,,,,,,,,1982-09-02,,,Greenville,Tamaulipas,Mexico,2006-04-11,38,18,19,20,21,22,23,24,25,26,27,28,29,30,31,32,33,34,35,36,37
175,Clayton Richard,,,,,,,,,,,,,,,,,,,4.41,106.5359477,3.75,109.3439364,,,3.99,110.9074244,,,,,,,,,4.79,125.82445459999998,5.33,104.9304678,,,,,,1983-09-12,,,Lafayette,IN,USA,2008-07-23,37,17,18,19,20,21,22,23,24,25,26,27,28,29,30,31,32,33,34,35,36
176,Jaime Garcia,,,,,,,,,,,,,,,,,,,,,2.7,100.55180870000001,3.56,113.28527290000001,,,,,,,,,4.67,110.3971963,4.41,103.1847134,,,,,,,,1986-07-08,,,Reynosa,VA,USA,2008-07-11,34,14,15,16,17,18,19,20,21,22,23,24,25,26,27,28,29,30,31,32,33
177,R.A. Dickey,,,,,,,,,,,,,,,,,,,,,2.84,101.09132679999999,3.28,100.8645533,2.73,90.90909091,4.21,98.57270294,3.71,95.26022305,3.91,96.21672116,4.46,105.7919622,4.26,106.84210530000001,,,,,,,,1974-10-29,,,Nashville,TN,USA,2001-04-22,45,25,26,27,28,29,30,31,32,33,34,35,36,37,38,39,40,41,42,43,44
178,Mat Latos,,,,,,,,,,,,,,,,,,,,,2.92,89.03365907,3.47,91.19010819,3.48,92.30033477,3.16,100.3805899,,,,,,,,,,,,,,,,1987-12-09,,,Alexandria,VA,USA,2009-07-19,32,12,13,14,15,16,17,18,19,20,21,22,23,24,25,26,27,28,29,30,31
179,Gio Gonzalez,,,,,,,,,,,,,,,,,,,,,3.23,92.90709291,3.12,94.55445545,2.89,85.38422903,3.36,92.21311475,3.57,91.02402023,3.79,109.58904109999999,4.57,107.2840203,2.96,86.06965174,4.21,103.5087719,,,,,,1985-09-19,,,Hialeah,Aragua,Venezuela,2008-08-06,35,15,16,17,18,19,20,21,22,23,24,25,26,27,28,29,30,31,32,33,34
180,C.J. Wilson,,,,,,,,,,,,,,,,,,,,,3.35,86.2745098,2.94,92.78350515,3.83,95.99208313,3.39,102.310231,4.51,103.88127850000001,,,,,,,,,,,,,,1980-11-18,,,Newport Beach,CA,USA,2005-06-10,39,19,20,21,22,23,24,25,26,27,28,29,30,31,32,33,34,35,36,37,38
181,Anibal Sanchez,,,,,,,,,,,,,,,,,,,,,3.55,105.1282051,3.67,99.43906170000001,3.86,107.06967209999999,2.57,93.40659341,,,4.99,103.1847134,5.87,116.2638798,,,,,3.85,98.79518072,,,,1984-02-27,,,Maracay,CA,USA,2006-06-25,36,16,17,18,19,20,21,22,23,24,25,26,27,28,29,30,31,32,33,34,35
182,Francisco Liriano,,,,,,,,,,,,,,,,,,,,,3.62,103.5564854,,,5.34,95.39052497,3.02,93.16770186,3.38,84.51573103,3.38,89.68850698,4.69,101.2269939,,,,,,,,,,1983-10-26,,,San Cristobal,CA,USA,2005-09-05,36,16,17,18,19,20,21,22,23,24,25,26,27,28,29,30,31,32,33,34,35
183,Colby Lewis,,,,,,,,,,,,,,,,,,,,,3.72,92.53731343,4.4,100.4497751,,,,,5.18,129.9235744,4.66,111.65523999999999,,,,,,,,,,,,1979-08-02,,,Bakersfield,CA,USA,2002-04-01,41,21,22,23,24,25,26,27,28,29,30,31,32,33,34,35,36,37,38,39,40
184,Jason Vargas,,,,,,,,,,,,,,,,,,,,,3.78,101.9771072,4.25,106.9651741,3.85,99.03270382,,,3.71,111.22994650000001,,,,,4.16,111.0491071,,,,,,,,1983-02-02,,,Apple Valley,CA,USA,2005-07-14,37,17,18,19,20,21,22,23,24,25,26,27,28,29,30,31,32,33,34,35,36
185,Doug Fister,,,,,,,,,,,,,,,,,,,,,4.11,112.86549709999998,2.83,94.4007404,3.45,102.97766750000001,3.67,116.71469740000002,2.41,103.0487805,,,4.64,114.9361466,,,,,,,,,,1984-02-04,,,Merced,CA,USA,2009-08-08,36,16,17,18,19,20,21,22,23,24,25,26,27,28,29,30,31,32,33,34,35
186,Phil Hughes,,,,,,,,,,,,,,,,,,,,,4.19,102.21465079999999,,,4.23,110.9366824,,,3.52,113.2887189,4.4,125.7253385,,,,,,,,,,,,1986-06-24,,,Mission Viejo,Kingston,Jamaica,2007-04-26,34,14,15,16,17,18,19,20,21,22,23,24,25,26,27,28,29,30,31,32,33
187,Jon Niese,,,,,,,,,,,,,,,,,,,,,4.2,116.05080829999999,4.4,120.30553789999999,3.4,98.36927933,,,3.4,107.90598290000001,4.13,114.0749149,,,,,,,,,,,,1986-10-27,,,Lima,OH,USA,2008-09-02,33,13,14,15,16,17,18,19,20,21,22,23,24,25,26,27,28,29,30,31,32
188,Justin Masterson,,,,,,,,,,,,,,,,,,,,,4.7,112.7777778,3.21,103.2407407,4.93,108.199903,3.45,88.08290155,,,,,,,,,,,,,,,,1985-03-22,,,Kingston,IA,USA,2008-04-24,35,15,16,17,18,19,20,21,22,23,24,25,26,27,28,29,30,31,32,33,34
189,Bud Norris,,,,,,,,,,,,,,,,,,,,,4.92,104.4386423,3.77,98.38709677,4.65,102.3200476,4.18,116.9125993,3.65,99.33373713,,,,,,,,,,,,,,1985-03-02,,,Greenbrae,Zulia,Venezuela,2009-07-29,35,15,16,17,18,19,20,21,22,23,24,25,26,27,28,29,30,31,32,33,34
190,Jeremy Hellickson,,,,,,,,,,,,,,,,,,,,,,,2.95,84.12698413,3.1,97.74011299,5.17,113.21839080000001,,,,,3.71,97.88359788,5.43,102.43902440000001,,,,,,,,1987-04-08,,,Des Moines,SEE COUNTRY,Dominican Republic,2010-08-02,33,13,14,15,16,17,18,19,20,21,22,23,24,25,26,27,28,29,30,31,32
191,Jhoulys Chacin,,,,,,,,,,,,,,,,,,,,,,,3.62,92.26804124,,,3.47,102.4860477,,,,,,,3.89,94.39200444,3.5,87.40894901,,,,,,1988-01-07,,,Maracaibo,FL,USA,2009-07-25,32,12,13,14,15,16,17,18,19,20,21,22,23,24,25,26,27,28,29,30,31
192,Ivan Nova,,,,,,,,,,,,,,,,,,,,,,,3.7,108.4191399,5.02,121.10523219999999,,,,,,,4.17,115.43209879999999,4.14,114.4385027,4.19,111.8012422,4.72,126.2032086,,,,1987-01-12,,,San Cristobal,IN,USA,2010-05-13,33,13,14,15,16,17,18,19,20,21,22,23,24,25,26,27,28,29,30,31,32
193,Matt Moore,,,,,,,,,,,,,,,,,,,,,,,,,3.81,95.42631282,3.29,90.60626249,,,,,4.08,99.44472489,5.52,118.32280300000001,,,,,,,,1989-06-18,,,Fort Walton Beach,TX,USA,2011-09-14,31,11,12,13,14,15,16,17,18,19,20,21,22,23,24,25,26,27,28,29,30
194,Jeff Samardzija,,,,,,,,,,,,,,,,,,,,,,,,,3.81,95.29276693,4.34,102.2514071,2.99,90.32846715,4.96,111.682243,3.81,99.45839488,4.42,102.7992278,,,3.52,90.00552181,,,,1985-01-23,,,Merrillville,Bolivar,Colombia,2008-07-25,35,15,16,17,18,19,20,21,22,23,24,25,26,27,28,29,30,31,32,33,34
195,Andrew Cashner,,,,,,,,,,,,,,,,,,,,,,,,,,,3.09,92.0,,,4.34,111.834962,,,3.4,100.4813478,5.29,118.30065359999999,,,,,,1986-09-11,,,Conroe,CA,USA,2010-05-31,34,14,15,16,17,18,19,20,21,22,23,24,25,26,27,28,29,30,31,32,33
196,Jose Quintana,,,,,,,,,,,,,,,,,,,,,,,,,,,3.51,98.5,3.32,102.9485257,3.36,110.14070840000001,3.2,98.55769231,4.15,96.17428268,4.03,100.51694429999999,4.68,119.2982456,,,,1989-01-24,,,Arjona,Sonora,Mexico,2012-05-07,31,11,12,13,14,15,16,17,18,19,20,21,22,23,24,25,26,27,28,29,30
197,Chris Tillman,,,,,,,,,,,,,,,,,,,,,,,,,,,3.71,97.04027171,3.34,97.53742154,4.99,108.0924855,3.77,99.41860465,,,,,,,,,,1988-04-15,,,Anaheim,CA,USA,2009-07-29,32,12,13,14,15,16,17,18,19,20,21,22,23,24,25,26,27,28,29,30,31
198,Marco Estrada,,,,,,,,,,,,,,,,,,,,,,,,,,,,,4.36,95.87217044,3.13,81.21546961,3.48,80.11363636,4.98,105.37634409999998,,,,,,,,1983-07-05,,,Sonora,SEE COUNTRY,Mexico,2008-08-20,37,17,18,19,20,21,22,23,24,25,26,27,28,29,30,31,32,33,34,35,36
