PLAYER,ERA00,whip00,ERA01,whip01,ERA02,whip02,ERA03,whip03,ERA04,whip04,ERA05,whip05,ERA06,whip06,ERA07,whip07,ERA08,whip08,ERA09,whip09,ERA10,whip10,ERA11,whip11,ERA12,whip12,ERA13,whip13,ERA14,whip14,ERA15,whip15,ERA16,whip16,ERA17,whip17,ERA18,whip18,ERA19,whip19,MLBAMID,FirstName,LastName,BirthDate,Team,Jersey,BirthCity,BirthState,BirthCountry,ProDebut
Brian Anderson,4.05,111.2153918,,,4.79,115.3846154,3.78,114.6044625,5.64,134.3373494,,,,,,,,,,,,,,,,,,,,,,,,,,,,,,,605119,Brian,Anderson,5/19/1993,MIA,15,Edmond,OK,USA,9/1/2017
Zack Greinke,,,,,,,,,,,5.8,130.0546448,,,,,3.47,106.3829787,2.16,92.09951986,4.17,104.0909091,3.83,103.3878505,3.48,101.3672796,2.63,94.24379233,2.71,102.4245423,1.66,75.15751575,4.37,109.9873578,3.2,93.51806037,3.21,94.59459459,2.93,92.69932757,425844,Zack,Greinke,10/21/1983,HOU,21,Orlando,FL,USA,5/22/2004
Justin Verlander,,,,,,,,,,,,,3.63,109.6774194,3.66,98.90656064,4.84,102.4875622,3.45,99.16666667,3.37,92.81570727,2.4,78.88446215,2.64,87.77824444,3.46,103.1636864,4.54,115.5339806,,,3.04,82.30633803,3.36,89.80582524,2.52,80.37383178,2.58,70.85201794,434378,Justin,Verlander,2/20/1983,HOU,35,Manakin-Sabot,VA,USA,7/4/2005
Cole Hamels,,,,,,,,,,,,,,,3.39,97.21463681,3.09,91.14927345,4.32,111.8012422,3.06,94.62055716,2.79,84.72222222,3.05,96.23430962,3.6,96.81818182,2.46,90.59745348,3.65,95.70957096,3.32,99.9000999,,,3.78,97.26603575,,,430935,Cole,Hamels,12/27/1983,ATL,32,San Diego,CA,USA,5/12/2006
Adam Wainwright,,,,,,,,,,,,,,,3.7,111.8811881,,,2.63,100.8583691,2.42,89.52629292,,,3.94,105.9535822,2.94,100.331675,2.38,89.86784141,,,4.62,117.5580222,,,,,4.19,113.9018692,425794,Adam,Wainwright,8/30/1981,STL,50,Brunswick,GA,USA,9/11/2005
Jon Lester,,,,,,,,,,,,,,,,,3.21,103.7601142,3.41,98.96602659,3.25,89.42307692,3.47,94.66527197,4.82,109.7025841,3.75,105.1149695,2.46,95.80291971,3.34,94.63414634,2.44,85.55885262,4.33,106.5482797,3.32,105.9602649,4.46,127.3364486,452657,Jon,Lester,1/7/1984,CHC,34,Tacoma,WA,USA,6/10/2006
Johnny Cueto,,,,,,,,,,,,,,,,,4.81,107.4712644,4.41,106.9549971,3.64,104.2116631,2.31,84.61538462,2.78,103.2258065,,,2.25,77.71381579,3.44,96.69811321,2.79,97.17153285,,,,,,,456501,Johnny,Cueto,2/15/1986,SF,47,San Pedro de Macoris,,Dominican Republic,4/3/2008
Clayton Kershaw,,,,,,,,,,,,,,,,,,,2.79,74.26900585,2.91,84.76237139,2.28,83.65508366,2.53,80.98591549,1.83,76.27118644,1.77,80.76728925,2.13,77.08871662,,,2.31,88,2.73,91.86840472,3.03,90.39865244,477132,Clayton,Kershaw,3/19/1988,LAD,22,Dallas,TX,USA,5/25/2008
J.A. Happ,,,,,,,,,,,,,,,,,,,2.93,96.98795181,,,5.35,104.4202434,,,,,4.22,108.2278481,3.61,106.9767442,3.18,96.41025641,,,3.65,94.24379233,4.91,106.7659839,457918,J.A.,Happ,10/19/1982,NYY,33,Peru,IL,USA,6/30/2007
Rick Porcello,,,,,,,,,,,,,,,,,,,3.96,111.6333725,4.92,122.0715166,4.75,123.0769231,4.59,134.0147643,4.32,111.8644068,3.43,110.675808,4.92,119.1860465,3.15,96.41255605,4.65,121.614968,4.28,101.5175301,5.52,121.7690982,519144,Rick,Porcello,12/27/1988,NYM,22,Morristown,NJ,USA,4/9/2009
Max Scherzer,,,,,,,,,,,,,,,,,,,4.12,102.8806584,3.5,95.28688525,4.43,113.8461538,3.74,104.1666667,2.9,80.80336291,3.15,97.22853249,2.79,83.26029798,2.96,81.10477861,2.51,70.92907093,2.53,76.29427793,2.92,90.06391633,453286,Max,Scherzer,7/27/1984,WSH,31,St. Louis,MO,USA,4/29/2008
Trevor Cahill,,,,,,,,,,,,,,,,,,,4.63,109.4276094,2.97,88.17533129,4.16,109.0733591,3.78,98.5,,,,,,,,,,,,,,,502239,Trevor,Cahill,3/1/1988,SF,53,Oceanside,CA,USA,4/7/2009
David Price,,,,,,,,,,,,,,,,,,,,,2.72,90.77809798,3.49,91.03078983,2.56,91.46919431,3.33,100.9667025,3.26,98.75050383,2.45,94.50249886,3.99,106.0869565,,,3.58,94.88636364,,,456034,David,Price,8/26/1985,LAD,33,Murfreesboro,TN,USA,9/14/2008
Ian Kennedy,,,,,,,,,,,,,,,,,,,,,3.8,88.65979381,2.88,93.24324324,4.02,111.0043248,4.91,103.2578686,3.63,100.4975124,4.28,104.1046996,3.68,94.26229508,5.38,96.1038961,,,,,453178,Ian,Kennedy,12/19/1984,KC,31,Huntington Beach,CA,USA,9/1/2007
Jordan Zimmermann,,,,,,,,,,,,,,,,,,,,,,,3.18,100.5586592,2.94,101.4344262,3.25,99.01454716,2.66,99.89959839,3.66,107.8528827,,,6.08,132.5,,,,,519455,Jordan,Zimmermann,5/23/1986,DET,27,Auburndale,WI,USA,4/20/2009
Madison Bumgarner,,,,,,,,,,,,,,,,,,,,,,,3.21,105.2889324,3.37,95.62710235,2.77,79.06514172,2.98,97.65085214,2.93,91.24254929,2.74,85.32272325,,,,,3.9,96.52509653,518516,Madison,Bumgarner,8/1/1989,ARI,40,Hickory,NC,USA,9/8/2009
Charlie Morton,,,,,,,,,,,,,,,,,,,,,,,3.83,114.4859813,,,,,3.72,94.84404838,,,,,,,3.13,86.82634731,3.05,87.53861998,450203,Charlie,Morton,11/12/1983,TB,50,Flemington,NJ,USA,6/14/2008
Mike Leake,,,,,,,,,,,,,,,,,,,,,,,3.86,102.2727273,4.58,116.7597765,3.37,107.7563769,3.7,106.4922933,3.7,96.35416667,4.69,120.3178207,3.92,113.4408602,4.36,117.1706263,4.29,121.319797,502190,Mike,Leake,11/12/1987,ARI,8,San Diego,CA,USA,4/11/2010
Derek Holland,,,,,,,,,,,,,,,,,,,,,,,3.95,109.5959596,4.67,99.37178755,3.42,103.286385,,,,,,,,,3.57,94.09701929,,,502706,Derek,Holland,10/9/1986,PIT,45,Newark,OH,USA,4/22/2009
Chris Sale,,,,,,,,,,,,,,,,,,,,,,,,,3.05,95.83333333,3.07,91.07893508,2.17,81.03448276,3.41,95.10086455,3.34,91.51193634,2.9,85.00700607,2.11,72.15189873,,,519242,Chris,Sale,3/30/1989,BOS,41,Lakeland,FL,USA,8/6/2010
Stephen Strasburg,,,,,,,,,,,,,,,,,,,,,,,,,3.16,94.90886235,3,78.68852459,3.14,98.60465116,,,,,2.52,83.38092519,,,3.32,85.64593301,544931,Stephen,Strasburg,7/20/1988,WSH,37,San Diego,CA,USA,6/8/2010
Wade Miley,,,,,,,,,,,,,,,,,,,,,,,,,3.33,107.6210093,3.55,104.3521266,4.34,106.9119841,4.46,109.7308489,5.37,118.0722892,5.61,119.0324634,,,3.98,106.5230401,489119,Wade,Miley,11/13/1986,CIN,22,Hammond,LA,USA,8/20/2011
Lance Lynn,,,,,,,,,,,,,,,,,,,,,,,,,3.78,105.6818182,3.97,101.3916501,2.74,98.42519685,3.03,105.0828098,,,3.43,87.04997313,4.77,110.7554417,3.67,101.3935608,458681,Lance,Lynn,5/12/1987,TEX,35,Marion County,IN,USA,6/2/2011
Yu Darvish,,,,,,,,,,,,,,,,,,,,,,,,,3.9,90.00523286,2.83,75.52581262,,,,,,,3.86,90.76262084,,,3.98,81.93041526,506433,Yu,Darvish,8/16/1986,CHC,11,Osaka,,Japan,4/9/2012
Mike Minor,,,,,,,,,,,,,,,,,,,,,,,,,4.12,90.45226131,3.21,93.0460333,,,,,,,,,4.18,95.54140127,3.59,98.02979337,501985,Mike,Minor,12/26/1987,OAK,23,Chapel Hill,TN,USA,8/9/2010
Julio Teheran,,,,,,,,,,,,,,,,,,,,,,,,,,,3.2,100.9719222,2.89,91.40271493,4.04,99.9000999,3.21,87.23404255,4.49,104.7315258,3.94,74.7716895,3.81,90.70034443,527054,Julio,Teheran,1/27/1991,LAA,49,Cartagena,,Colombia,5/7/2011
Patrick Corbin,,,,,,,,,,,,,,,,,,,,,,,,,,,3.41,97.54925517,,,,,5.15,117.2680412,4.03,117.3361522,3.15,86.5,3.25,90.59405941,571578,Patrick,Corbin,7/19/1989,WSH,46,Clay,NY,USA,4/30/2012
Dallas Keuchel,,,,,,,,,,,,,,,,,,,,,,,,,,,5.15,124.0208877,2.93,99.5,2.48,88.36206897,4.55,105.3571429,,,3.74,109.2066601,,,572971,Dallas,Keuchel,1/1/1988,CHW,60,Tulsa,OK,USA,6/17/2012
Corey Kluber,,,,,,,,,,,,,,,,,,,,,,,,,,,,,2.44,95.66326531,3.49,89.18918919,3.14,87.44186047,2.25,78.2480315,2.89,92.55813953,,,446372,Corey,Kluber,4/10/1986,TEX,28,Birmingham,AL,USA,9/1/2011
Jake Arrieta,,,,,,,,,,,,,,,,,,,,,,,,,,,,,2.53,79.38540333,1.77,75.10917031,3.1,79.14764079,3.53,97.56097561,3.96,101.6260163,,,453562,Jake,Arrieta,3/6/1986,PHI,49,Farmington,MO,USA,6/10/2010
Alex Wood,,,,,,,,,,,,,,,,,,,,,,,,,,,,,2.78,94.62616822,3.84,110.9936575,,,2.72,91.38724523,3.68,100.5291005,,,622072,Alex,Wood,1/12/1991,LAD,57,Charlotte,NC,USA,5/30/2013
Tanner Roark,,,,,,,,,,,,,,,,,,,,,,,,,,,,,2.85,97.37638749,,,2.83,90,4.67,105.466593,4.34,105.4969461,4.35,115.0817686,543699,Tanner,Roark,10/5/1986,TOR,14,Wilmington,IL,USA,8/7/2013
Sonny Gray,,,,,,,,,,,,,,,,,,,,,,,,,,,,,3.08,91.78082192,2.73,86.53846154,,,3.55,91.91856878,,,2.87,75.95659623,543243,Sonny,Gray,11/7/1989,CIN,54,Nashville,TN,USA,7/10/2013
Chris Archer,,,,,,,,,,,,,,,,,,,,,,,,,,,,,3.33,96.29248198,3.23,88.20754717,4.02,95.47488812,4.07,100.9950249,,,,,502042,Chris,Archer,9/26/1988,PIT,24,Raleigh,NC,USA,6/20/2012
Jake Odorizzi,,,,,,,,,,,,,,,,,,,,,,,,,,,,,4.13,99.4047619,3.35,93.43583678,3.69,96.15384615,,,4.49,96.28275442,3.51,96.85534591,543606,Jake,Odorizzi,3/27/1990,MIN,12,Breese,IL,USA,9/23/2012
Trevor Bauer,,,,,,,,,,,,,,,,,,,,,,,,,,,,,4.18,101.9607843,4.55,92.61363636,4.26,100.5263158,4.19,112.4361158,2.21,83.38092519,4.48,91.54929577,545333,Trevor,Bauer,1/17/1991,CIN,27,North Hollywood,CA,USA,6/28/2012
Kyle Gibson,,,,,,,,,,,,,,,,,,,,,,,,,,,,,4.47,106.6443328,3.84,101.4418126,,,5.07,122.7848101,3.62,95.31090724,4.84,117.5,502043,Kyle,Gibson,10/23/1987,TEX,44,Greenfield,IN,USA,6/29/2013
Jacob deGrom,,,,,,,,,,,,,,,,,,,,,,,,,,,,,,,2.54,85.34031414,,,3.53,96.96668324,1.7,74.65437788,2.43,80.88235294,594798,Jacob,deGrom,6/19/1988,NYM,48,DeLand,FL,USA,5/15/2014
Gerrit Cole,,,,,,,,,,,,,,,,,,,,,,,,,,,,,,,2.6,97.11538462,,,4.26,103.9408867,2.88,78.96051974,2.5,76.37906648,543037,Gerrit,Cole,9/8/1990,NYY,45,Newport Beach,CA,USA,6/11/2013
Masahiro Tanaka,,,,,,,,,,,,,,,,,,,,,,,,,,,,,,,3.51,89.61038961,3.07,96.8875502,4.74,108.3660865,3.75,98.07692308,4.45,108.2417582,547888,Masahiro,Tanaka,11/1/1988,NYY,19,Itami,,Japan,4/4/2014
Mike Fiers,,,,,,,,,,,,,,,,,,,,,,,,,,,,,,,3.69,93.83675736,4.48,117.7170036,5.22,107.7726976,3.56,103.4883721,3.9,98.26275787,571666,Mike,Fiers,6/15/1985,OAK,50,Hollywood,FL,USA,9/14/2011
Kyle Hendricks,,,,,,,,,,,,,,,,,,,,,,,,,,,,,,,3.95,96.66666667,2.13,83.15789474,,,3.44,99.49748744,3.46,101.1299435,543294,Kyle,Hendricks,12/7/1989,CHC,28,Newport Beach,CA,USA,7/10/2014
Pedro Martinez,1.74,67.28110599,,,2.26,82.37066801,2.22,86.46616541,3.9,96.31336406,2.82,80.1843318,,,,,,,,,,,,,,,,,,,,,,,,,,,,,,,,10/25/1971,,,Manoguayabo,TX,USA,9/24/1992
Randy Johnson,2.64,89.04109589,2.49,81.05939005,2.32,85,,,2.6,78.71125612,3.79,99.46714032,5,102.9268293,,,3.91,105.9782609,,,,,,,,,,,,,,,,,,,,,,,,,,8/15/1958,,,Miami,FL,USA,7/5/1980
Greg Maddux,3,97.95262947,3.05,101.7167382,2.62,105.4746359,3.96,110.4997707,4.02,110.273327,4.24,112,4.2,111.4285714,4.14,118.6868687,4.22,109.2783505,,,,,,,,,,,,,,,,,,,,,,,,,,4/14/1966,,,San Angelo,NJ,USA,9/3/1986
Mike Hampton,3.14,96.22467772,5.41,123.1527094,6.15,131.8742985,3.84,105.2631579,4.28,122.6031377,,,,,,,,,,,,,,,,,,,,,,,,,,,,,,,,,,9/9/1972,,,Brooksville,MA,USA,4/17/1993
Al Leiter,3.2,92.30769231,3.31,101.0154997,3.48,101.4208721,3.99,105.9933407,3.21,85.45034642,,,,,,,,,,,,,,,,,,,,,,,,,,,,,,,,,,10/23/1965,,,Toms River,BC,Canada,9/15/1987
Tom Glavine,3.4,100.8298755,3.57,104.5184847,2.96,101.6949153,4.52,116.876024,3.6,101.3672796,3.53,113.6901942,3.82,109.5959596,4.45,115.942029,,,,,,,,,,,,,,,,,,,,,,,,,,,,3/25/1966,,,Concord,OH,USA,8/17/1987
Ryan Dempster,3.66,99.07120743,4.94,110.3742302,5.38,113.8755981,,,,,,,,,,,2.96,92.628516,3.65,103.5,3.85,99.0237099,4.8,109.351806,3.38,96.53179191,4.57,104.0327294,,,,,,,,,,,,,,,,5/3/1977,,,Sechelt,VA,USA,5/23/1998
Roger Clemens,3.7,96.52131308,3.51,102.2262608,4.35,102.7777778,3.91,102.2727273,2.98,87.34236338,1.87,77.68829938,,,,,,,,,,,,,,,,,,,,,,,,,,,,,,,,8/4/1962,,,Dayton,OH,USA,5/15/1984
Woody Williams,3.75,96.42857143,4.05,108.6363636,,,3.87,108.0835604,4.18,107.8224101,4.85,114.9497487,,,5.27,119.1489362,,,,,,,,,,,,,,,,,,,,,,,,,,,,8/19/1966,,,Pamplin,PA,USA,5/14/1993
Livan Hernandez,3.75,112.9166667,5.24,123.3421751,4.38,113.4259259,3.2,102.960103,3.6,96.07843137,3.98,114.9939049,4.83,119.9074074,4.93,126.4086232,6.05,150,5.44,125,3.66,107.0075758,4.47,118.2181611,,,,,,,,,,,,,,,,,,,,2/20/1975,,,Villa Clara,SEE COUNTRY,Cuba,9/24/1996
Mike Mussina,3.79,104.1315346,3.15,95.96844873,4.05,105.0185874,3.4,97.57236228,4.59,115.7125457,4.41,118.3035714,3.51,100.9639777,5.15,130.9210526,3.37,116.9415292,,,,,,,,,,,,,,,,,,,,,,,,,,12/8/1968,,,Williamsport,GA,USA,8/4/1991
Curt Schilling,3.81,102.3322228,2.98,101.0928962,3.23,93.0142802,2.95,90.47619048,3.26,100.3536693,,,3.97,115.1960784,3.87,115.2317881,,,,,,,,,,,,,,,,,,,,,,,,,,,,11/14/1966,,,Anchorage,Puerto Plata,Dominican Republic,9/7/1988
Kris Benson,3.85,99.44751381,,,,,,,4.31,106.9465267,4.13,103.9632395,4.82,114.7540984,,,,,,,,,,,,,,,,,,,,,,,,,,,,,,11/7/1974,,,Kennesaw,IL,USA,4/9/1999
Bartolo Colon,3.88,94.68085106,4.09,105.3579469,2.93,102.5311025,3.87,98.34710744,5.01,111.9654012,3.48,106.2106211,,,,,,,,,,,4,109.6892139,3.43,112.4260355,2.65,110.9942136,4.09,115.2894607,4.16,118.9495366,3.43,112.4476987,,,,,,,,,,5/24/1973,,,Altamira,SEE COUNTRY,Puerto Rico,4/4/1997
Kirk Rueter,3.96,117.3913043,4.42,116.3505894,3.23,107.2834646,,,4.73,123.0931089,,,,,,,,,,,,,,,,,,,,,,,,,,,,,,,,,,12/1/1970,,,Hoyleton,OK,USA,7/7/1993
Javier Vazquez,4.05,118.7845304,3.42,95.43010753,3.91,109.9521947,3.24,91.65942659,4.91,105.5555556,4.42,108.7360595,4.84,107.3194857,3.74,98.0573543,4.67,108.6016338,2.87,89.45686901,5.32,105.0286442,3.69,99.37565036,,,,,,,,,,,,,,,,,,,,7/25/1976,,,Ponce,CA,USA,4/3/1998
Jamey Wright,4.1,99.87819732,4.9,109.1658084,,,,,,,5.46,122.150789,5.19,110.8974359,,,,,,,,,,,,,,,,,,,,,,,,,,,,,,12/24/1974,,,Oklahoma City,GA,USA,7/3/1996
David Wells,4.11,124.7818499,,,3.75,111.1111111,4.14,120.657277,3.73,110.1434426,4.45,127.7173913,,,5.43,133.6728199,,,,,,,,,,,,,,,,,,,,,,,,,,,,5/20/1963,,,Torrance,CA,USA,6/30/1987
Tim Hudson,4.14,93.51806037,3.37,99.57446809,2.98,105.8378832,2.7,88.75,3.53,109.4580234,3.52,108.3333333,4.86,113.7093077,3.33,105.7563588,,,,,2.83,90.2716915,3.22,95.34883721,3.62,102.7932961,,,3.57,109.9947118,,,,,,,,,,,,,,7/14/1975,,,Columbus,CA,USA,6/8/1999
Shawn Estes,4.26,109.9421357,4.02,100.6289308,5.1,109.8626717,5.73,124.9178172,5.84,117.8217822,,,,,,,,,,,,,,,,,,,,,,,,,,,,,,,,,,2/18/1973,,,San Bernardino,LA,USA,9/16/1995
Jeff Weaver,4.32,108,4.08,108.2496726,3.52,102.4096386,5.99,137.0207417,4.01,105.4545455,4.22,104.4642857,5.76,128.4883721,,,,,,,,,,,,,,,,,,,,,,,,,,,,,,8/22/1976,,,Northridge,CA,USA,4/14/1999
Andy Pettitte,4.35,116.5523996,3.99,119.3806194,,,4.02,119.1734743,,,2.39,92.30076542,4.2,117.7020084,4.05,117.6197118,4.54,121.0784314,4.16,106.5911432,,,,,,,3.74,112.9119395,,,,,,,,,,,,,,,,6/15/1972,,,Baton Rouge,IA,USA,4/29/1995
Randy Wolf,4.36,107.2295002,3.7,98.1595092,3.2,87.05994291,4.23,96,,,,,,,,,4.3,106.7859022,3.23,88.27650631,4.17,105.0185874,3.69,107.0249882,5.65,127.8625954,,,,,,,,,,,,,,,,,,8/22/1976,,,Canoga Park,WI,USA,6/11/1999
Jon Lieber,4.41,103.5856574,3.8,105.9887979,,,,,4.33,130.5334847,4.2,110.0412655,4.93,122.0238095,,,,,,,,,,,,,,,,,,,,,,,,,,,,,,4/2/1970,,,Council Bluffs,ND,USA,5/15/1994
Brad Radke,4.45,120.6896552,3.94,110.619469,,,4.49,120.6977841,3.48,109.4890511,4.04,111.3886114,4.32,128.9327576,,,,,,,,,,,,,,,,,,,,,,,,,,,,,,10/27/1972,,,Eau Claire,GA,USA,4/29/1995
Rick Helling,4.48,105.0691244,5.17,124.535316,4.51,108.4474886,5.17,112.9032258,,,,,,,,,,,,,,,,,,,,,,,,,,,,,,,,,,,,12/15/1970,,,Devils Lake,Baja California,Mexico,4/10/1994
Kenny Rogers,4.55,118.8903567,,,3.84,107.0409134,4.57,123.0769231,4.76,125.9469697,3.46,112.2501281,3.84,103.9215686,,,5.7,127.5981524,,,,,,,,,,,,,,,,,,,,,,,,,,11/10/1964,,,Savannah,NC,USA,4/6/1989
Esteban Loaiza,4.56,119.5379206,5.02,131.5789474,5.71,133.0244871,2.9,95.9752322,5.7,124.0437158,3.77,110.1382488,4.89,123.2166018,,,,,,,,,,,,,,,,,,,,,,,,,,,,,,12/31/1971,,,Tijuana,Osaka,Japan,4/29/1995
Kevin Millwood,4.66,105.0895382,,,3.24,94.00921659,4.01,100.9009009,,,2.86,99.47916667,4.52,113.4883721,5.16,129.5005807,5.07,136.1474435,3.67,104.9445005,5.1,119.3480547,,,4.25,108.0745342,,,,,,,,,,,,,,,,,,12/24/1974,,,Gastonia,CA,USA,7/14/1997
Hideo Nomo,4.74,104.7368421,4.5,92.92929293,3.39,93.13948205,3.09,87.57450711,,,,,,,,,,,,,,,,,,,,,,,,,,,,,,,,,,,,8/31/1968,,,Osaka,CA,USA,5/2/1995
Mark Redman,4.76,119.1264064,,,4.21,107.8817734,3.59,97.79179811,4.71,119.895288,4.9,108.3660865,5.71,127.5449102,,,,,,,,,,,,,,,,,,,,,,,,,,,,,,1/5/1974,,,San Diego,SEE COUNTRY,Aruba,7/24/1999
Steve Trachsel,4.8,119.8801199,4.46,103.3487298,3.37,104.5034642,3.78,107.7375122,4,106.330366,,,4.97,121.8026797,4.9,115.8227848,,,,,,,,,,,,,,,,,,,,,,,,,,,,10/31/1970,,,Oxnard,PA,USA,9/19/1993
Sidney Ponson,4.82,104.5045045,,,4.09,101.7045455,3.75,105.5555556,5.3,128.2527881,,,,,,,,,,,,,,,,,,,,,,,,,,,,,,,,,,11/2/1976,,,Noord,OK,USA,4/19/1998
Eric Milton,4.86,109,4.32,107.6294278,4.84,108.7719298,,,4.75,104.4776119,6.47,131.6496507,5.19,112.3521682,,,,,,,,,,,,,,,,,,,,,,,,,,,,,,8/4/1975,,,State College,CA,USA,4/5/1998
Jeff Suppan,4.94,115.2073733,4.37,108.6657497,5.32,114.4230769,4.19,112.745098,4.16,110.6382979,3.57,114.374034,4.12,115.2631579,4.62,123.6663434,4.96,122.4604966,5.29,128.4119107,,,,,,,,,,,,,,,,,,,,,,,,1/2/1975,,,Oklahoma City,PA,USA,7/17/1995
Russ Ortiz,5.01,105.5327869,3.29,93.49220898,3.61,95.7496497,3.81,93.35219236,4.13,103.8197845,,,,,,,,,,,,,,,,,,,,,,,,,,,,,,,,,,6/5/1974,,,Van Nuys,Vargas,Venezuela,4/2/1998
Matt Clement,5.14,100.9756098,5.05,107.0372561,3.6,84.87804878,4.11,90.95427435,3.68,90.60773481,4.57,107.3298429,,,,,,,,,,,,,,,,,,,,,,,,,,,,,,,,8/12/1974,,,McCandless,IL,USA,9/6/1998
Kelvim Escobar,5.35,108.8888889,,,,,4.29,112.1599112,3.93,97.54925517,,,3.61,107.3506081,3.4,102.4590164,,,,,,,,,,,,,,,,,,,,,,,,,,,,4/11/1976,,,La Guaira,FL,USA,6/29/1997
Mark Mulder,5.44,129.8701299,3.45,102.5752946,3.47,97.05456301,3.13,104.726101,4.43,106.5719361,3.64,111.2195122,,,,,,,,,,,,,,,,,,,,,,,,,,,,,,,,8/5/1977,,,South Holland,PA,USA,4/18/2000
Tim Wakefield,5.48,110.6222502,3.9,98.09750297,2.81,80.93194359,4.09,100.9401286,4.87,111.1111111,4.15,100.3998223,,,4.76,110.0529101,4.13,90.60773481,,,,,5.12,110.2464332,,,,,,,,,,,,,,,,,,,,8/2/1966,,,Melbourne,NH,USA,7/31/1992
Jamie Moyer,5.49,120.7792208,3.43,98.94837476,3.32,91.65942659,3.27,102.3255814,5.21,110.8910891,4.28,119,4.3,113.2164851,5.01,118.5334003,3.71,109.6379398,4.94,116.6666667,,,,,,,,,,,,,,,,,,,,,,,,11/18/1962,,,Sellersville,Santiago,Dominican Republic,6/16/1986
Chris Carpenter,6.26,122.2158766,4.09,111.5241636,,,,,3.46,101.0989011,2.83,93.28358209,3.09,94.48462929,,,,,2.24,90.01040583,3.22,97.87234043,3.45,107.1277942,,,,,,,,,,,,,,,,,,,,4/27/1975,,,Exeter,NH,USA,5/12/1997
Jose Lima,6.65,131.5655278,5.54,122.8813559,,,,,4.07,112.2868901,6.99,133.1747919,,,,,,,,,,,,,,,,,,,,,,,,,,,,,,,,9/30/1972,,,Santiago,NY,USA,4/20/1994
Freddy Garcia,,,3.05,91.09991604,4.39,108.8709677,4.51,103.4311288,3.81,97.61904762,3.87,104.8245614,4.53,113.3734382,,,,,,,4.64,116.5605096,,,,,,,,,,,,,,,,,,,,,,8/1/1972,,,La Romana,MO,USA,5/2/1995
Matt Morris,,,3.16,111.0596946,3.42,108.0437887,3.76,101.6850668,4.72,108.9108911,4.11,116.024974,4.98,110.03861,4.89,126.135217,,,,,,,,,,,,,,,,,,,,,,,,,,,,8/9/1974,,,Middletown,NV,USA,4/4/1997
Mark Buehrle,,,3.29,92.26594301,3.58,106.6945607,4.14,114.7327249,3.89,111.3831089,3.12,108.3827265,4.99,126.9607843,3.63,108.4577114,3.79,116.8652612,3.84,110.2768653,4.28,123.2746311,3.59,114.0906875,3.74,103.908956,4.15,115.6496063,3.39,119.3069307,3.81,115.5398587,,,,,,,,,,,,3/23/1979,,,St. Charles,CA,USA,7/16/2000
Barry Zito,,,3.49,93.88136385,2.75,89.48057617,3.3,86.50519031,4.48,106.57277,3.86,87.24243753,3.83,102.7149321,4.53,98.36901121,5.15,108.8888889,4.03,98.4375,4.15,96.93621296,,,4.15,109.1797936,,,,,,,,,,,,,,,,,,5/13/1978,,,Las Vegas,OK,USA,7/22/2000
Cory Lidle,,,3.59,97.34042553,3.89,103.6458333,5.75,118.6264308,4.9,111.7953577,4.53,121.0640608,4.85,113.3960047,,,,,,,,,,,,,,,,,,,,,,,,,,,,,,3/22/1972,,,Hollywood,WI,USA,5/8/1997
Brad Penny,,,3.69,94.14634146,,,4.13,106.5782764,,,3.9,109.6516276,4.33,117.4603175,3.03,103.3653846,,,4.88,116.6955517,,,5.3,128.5871965,,,,,,,,,,,,,,,,,,,,5/24/1978,,,Blackwell,OK,USA,4/7/2000
Jarrod Washburn,,,3.77,107.1983428,3.15,97.57281553,4.43,103.8145823,,,3.2,108.4133258,4.67,110.1604278,4.32,109.2132505,4.69,116.8407311,3.78,96.02272727,,,,,,,,,,,,,,,,,,,,,,,,8/13/1974,,,La Crosse,ID,USA,6/2/1998
A.J. Burnett,,,4.05,90.12131716,3.3,80.84272415,,,,,3.44,93.77990431,,,3.75,85.35108959,4.07,103.5730439,4.04,99.51690821,5.26,114.9301826,5.15,105.7338243,3.51,101.4349332,3.3,91.62303665,4.59,99.90619137,3.18,111.5853659,,,,,,,,,,,,1/3/1977,,,North Little Rock,AR,USA,8/17/1999
Jason Schmidt,,,4.07,100.5996003,3.45,86.9800108,2.34,81.56370656,3.2,81.33333333,4.4,100,3.59,93.85265134,,,,,,,,,,,,,,,,,,,,,,,,,,,,,,1/29/1973,,,Lewiston,Sanchez Ramirez,Dominican Republic,4/28/1995
Jason Johnson,,,4.09,104.0816327,,,4.18,119.4503171,5.13,117.2273191,4.54,114.7619048,,,,,,,,,,,,,,,,,,,,,,,,,,,,,,,,10/27/1973,,,Santa Barbara,CA,USA,8/27/1997
Ramon Ortiz,,,4.36,113.3525456,3.77,93.5052971,5.2,125,,,5.36,125.6575102,5.57,126.7087277,,,,,,,,,,,,,,,,,,,,,,,,,,,,,,5/23/1973,,,Cotui,PA,USA,8/19/1999
CC Sabathia,,,4.39,92.1710161,4.37,100.4761905,3.6,102.9411765,4.12,99.46808511,4.03,101.9367992,3.22,100.9365245,3.21,106.6390041,2.7,94.86166008,3.37,93.91304348,3.18,96.96458685,3,105.0189793,3.38,99.5,4.78,112.7962085,,,4.73,116.0981448,3.91,101.0044643,,,3.65,103.9215686,,,,,,7/21/1980,,,Vallejo,LA,USA,4/8/2001
Doug Davis,,,4.45,124.1935484,,,,,3.39,98.50313858,3.84,93.15931593,4.91,106.8439193,4.25,116.5452653,,,4.12,104.3820778,,,,,,,,,,,,,,,,,,,,,,,,9/24/1962,,,Bloomsburg,FL,USA,7/8/1988
Ben Sheets,,,4.76,117.1409662,4.15,114.7086031,4.45,110.3542234,2.7,89.87341772,3.33,97.31113956,,,,,3.09,97.93033821,,,,,,,,,,,,,,,,,,,,,,,,,,7/18/1978,,,Baton Rouge,MI,USA,4/5/2001
Paul Wilson,,,4.88,114.4937128,4.83,116.4596273,4.64,119.133574,4.36,110.8078603,,,,,,,,,,,,,,,,,,,,,,,,,,,,,,,,,,3/28/1973,,,Orlando,CO,USA,4/4/1996
Derek Lowe,,,,,2.58,85.31021898,4.47,114.7218119,5.42,130.6256861,3.61,105.8558559,3.63,108.7155963,3.88,103.4655952,3.24,98.57819905,4.67,127.1884655,4,113.8716356,5.05,118.1818182,,,,,,,,,,,,,,,,,,,,6/1/1973,,,Dearborn,San Juan,Dominican Republic,4/26/1997
Roy Halladay,,,,,2.93,101.2128816,3.25,103.3834586,,,,,3.19,101.8181818,3.71,110.1732563,2.78,97.56097561,2.79,105.0209205,2.44,100.7194245,2.35,97.34133791,4.49,106.3420884,,,,,,,,,,,,,,,,,,5/14/1977,,,Denver,MS,USA,9/20/1998
Odalis Perez,,,,,3,88.69878433,4.52,109.6704484,3.25,95.35951045,,,,,,,4.34,118.718593,,,,,,,,,,,,,,,,,,,,,,,,,,6/11/1978,,,Las Matas de Farfan,SEE COUNTRY,Puerto Rico,9/1/1998
Roy Oswalt,,,,,3.01,100.4291845,,,3.49,106.7510549,2.94,109.0381426,2.98,106.7211626,3.18,110.8490566,3.54,103.7463977,4.12,105.466593,2.76,82.85984848,,,,,,,,,,,,,,,,,,,,,,8/29/1977,,,Kosciusko,Chinandega,Nicaragua,5/6/2001
Joel Pineiro,,,,,3.24,104.5852653,3.78,98.48484848,,,5.62,122.2222222,6.36,131.3559322,,,,,3.49,108.8785047,3.84,108.4812623,,,,,,,,,,,,,,,,,,,,,,9/25/1978,,,Rio Piedras,Estado de Mexico,Mexico,8/8/2000
Vicente Padilla,,,,,3.28,102.9126214,3.62,100.8645533,,,,,4.5,110.5,,,4.74,116.374269,,,,,,,,,,,,,,,,,,,,,,,,,,9/27/1977,,,Chinandega,TX,USA,6/29/1999
Rodrigo Lopez,,,,,3.57,95.31090724,,,3.59,104.5828437,4.9,118.1252989,5.9,128.5714286,,,,,,,5,117,,,,,,,,,,,,,,,,,,,,,,12/14/1975,,,Tlalnepantla,CO,USA,4/29/2000
Kip Wells,,,,,3.58,105.5022716,3.28,91.83155758,,,5.09,106.5934066,,,5.7,118.9889026,,,,,,,,,,,,,,,,,,,,,,,,,,,,4/21/1977,,,Houston,KY,USA,8/2/1999
Brian Lawrence,,,,,3.69,115.2380952,4.19,102.7592769,4.12,118.7192118,4.83,111.6803279,,,,,,,,,,,,,,,,,,,,,,,,,,,,,,,,5/14/1976,,,Fort Collins,CA,USA,4/15/2001
Paul Byrd,,,,,3.9,105.6554143,,,,,3.74,111.7099461,4.88,135.1955307,4.59,132.2228006,4.6,119.4444444,,,,,,,,,,,,,,,,,,,,,,,,,,12/3/1970,,,Louisville,Distrito Nacional,Dominican Republic,7/28/1995
Kyle Lohse,,,,,4.23,107.6581576,4.61,111.9402985,5.34,128.3505155,4.18,123.4567901,,,4.62,112.3829344,3.78,113,,,,,3.39,102.0733652,2.86,98.57819905,3.35,104.4399596,3.54,98.93992933,5.85,121.6305062,,,,,,,,,,,,10/4/1978,,,Chico,MA,USA,6/22/2001
Miguel Batista,,,,,4.29,97.71986971,3.54,107.1983428,4.8,108.9808274,,,4.58,117.4187288,4.29,116.5803109,,,,,,,,,,,,,,,,,,,,,,,,,,,,2/19/1971,,,Santo Domingo,OH,USA,4/11/1992
Josh Fogg,,,,,4.35,108.7068521,,,4.64,114.5423919,5.05,119.4559432,5.49,126.1627907,4.94,123.4866828,,,,,,,,,,,,,,,,,,,,,,,,,,,,12/13/1976,,,Lynn,TX,USA,9/2/2001
Brett Tomko,,,,,4.49,108.7702107,5.28,131.0583581,4.04,106.7010309,4.48,111.9873817,,,,,,,,,,,,,,,,,,,,,,,,,,,,,,,,4/7/1973,,,Cleveland,CA,USA,5/27/1997
Jason Jennings,,,,,4.52,117.2339276,5.11,123.6885699,5.51,125.3731343,,,3.78,101.4150943,,,,,,,,,,,,,,,,,,,,,,,,,,,,,,7/17/1978,,,Dallas,KY,USA,8/23/2001
Jon Garland,,,,,4.58,104.0582726,4.51,104.6025105,4.89,108.2949309,3.5,104.0723982,4.51,125.5329228,4.23,110.0432484,4.9,127.930683,4.01,115.6862745,3.47,95,,,,,,,,,,,,,,,,,,,,,,9/27/1979,,,Valencia,Merida,Venezuela,7/4/2000
Brandon Webb,,,,,,,2.84,83.24084351,3.59,96.63461538,3.54,106.1135371,3.1,98.72340426,3.01,96.14570097,3.3,100.795756,,,,,,,,,,,,,,,,,,,,,,,,,,5/9/1979,,,Ashland,Carabobo,Venezuela,4/22/2003
Johan Santana,,,,,,,3.07,87.91903858,2.61,77.19298246,2.87,84.77508651,2.77,87.90737564,3.33,90.4109589,2.53,94.83126869,3.13,101.6847172,2.98,95.47738693,,,,,,,,,,,,,,,,,,,,,,3/13/1979,,,Tovar,CA,USA,4/3/2000
Carlos Zambrano,,,,,,,3.11,93.92523364,2.75,90.82217973,3.26,82.4742268,3.41,83.17757009,3.95,94.86348913,3.91,98.83103082,3.77,96.98403312,,,,,,,,,,,,,,,,,,,,,,,,6/1/1981,,,Puerto Cabello,AL,USA,8/20/2001
Dontrelle Willis,,,,,,,3.3,101.1235955,4.02,111.6751269,2.63,99.53409572,3.87,110.2644554,5.17,122.3793272,,,,,,,,,,,,,,,,,,,,,,,,,,,,1/12/1982,,,Oakland,CT,USA,5/9/2003
Jake Peavy,,,,,,,4.11,95.26261586,2.27,96.92956051,2.88,86.20689655,4.09,97.97130134,2.54,84.26714478,2.85,90.06928406,,,,,,,3.37,92.23744292,,,3.73,100.3956479,,,,,,,,,,,,,,5/31/1981,,,Mobile,CA,USA,6/22/2002
Carl Pavano,,,,,,,4.3,107.4626866,3,103.5569563,,,,,,,,,5.1,125.0627825,3.75,110.4072398,4.3,122.0720721,,,,,,,,,,,,,,,,,,,,1/8/1976,,,New Britain,FL,USA,5/23/1998
Ted Lilly,,,,,,,4.34,107.2431218,4.06,92.84627093,,,4.31,107.0640177,3.83,94.68599034,4.09,99.90205681,3.1,92.09039548,3.62,90.57971014,3.97,95.73361082,,,,,,,,,,,,,,,,,,,,1/4/1976,,,Lomita,LA,USA,5/14/1999
Brett Myers,,,,,,,4.43,113.4715026,5.52,117.6136364,3.72,95.76940958,3.91,104.040404,,,4.55,108.9473684,,,3.14,101.2544803,4.46,107.8703704,,,,,,,,,,,,,,,,,,,,8/17/1980,,,Jacksonville,TX,USA,7/24/2002
Gil Meche,,,,,,,4.59,108.5437937,,,,,4.48,104.189044,3.67,105.0925926,3.98,103.7601142,,,,,,,,,,,,,,,,,,,,,,,,,,9/8/1978,,,Lafayette,WA,USA,7/6/1999
John Lackey,,,,,,,4.63,114.2156863,4.67,115.5981827,3.44,106.2200957,3.56,99.44751381,3.01,106.25,3.75,106.0698958,3.83,106.7575241,4.4,114.8837209,6.41,134.375,,,3.52,99.94711793,3.82,111.1111111,2.77,102.7522936,3.35,83.46624136,4.59,103.9952996,,,,,,,,10/23/1978,,,Abilene,WA,USA,6/24/2002
Mark Hendrickson,,,,,,,5.51,136.6223909,4.81,120.6990715,5.9,133.6327906,4.21,109.0133983,,,,,,,,,,,,,,,,,,,,,,,,,,,,,,6/23/1974,,,Mount Vernon,GA,USA,8/6/2002
Jeremy Bonderman,,,,,,,5.56,122.8395062,4.89,97.2826087,4.57,112.6984127,4.08,106.5420561,5.01,117.1740379,,,,,5.53,114.0350877,,,,,,,,,,,,,,,,,,,,,,10/28/1982,,,Kennewick,NY,USA,4/2/2003
Jake Westbrook,,,,,,,,,3.38,103.1598513,4.49,110.8468126,4.17,124.1117954,4.32,108.5526316,,,,,4.22,105.3412463,4.66,120.1529219,3.97,117.1067738,,,,,,,,,,,,,,,,,,9/29/1977,,,Athens,TX,USA,6/17/2000
Jason Marquis,,,,,,,,,3.71,114.3709597,4.13,105.7971014,6.02,121.0716126,4.6,105.6485356,4.53,109.5808383,4.04,107.8703704,,,,,,,,,,,,,,,,,,,,,,,,8/21/1978,,,Manhasset,FL,USA,6/6/2000
Josh Beckett,,,,,,,,,3.79,93.46991037,3.38,94.27609428,5.01,101.3712047,3.27,104.3956044,4.03,106.2607697,3.86,101.3672796,,,2.89,82.38341969,4.65,106.4079953,,,,,,,,,,,,,,,,,,5/15/1980,,,Spring,Bolivar,Venezuela,9/4/2001
Bronson Arroyo,,,,,,,,,4.03,101.5712682,4.51,110.6777182,3.29,98.25145712,4.23,114.6527117,4.77,117,3.84,104.0436165,3.88,95.26022305,5.07,118.5929648,3.74,109.4059406,3.79,105.4455446,,,,,,,,,,,,,,,,2/24/1977,,,Key West,CA,USA,6/12/2000
Carlos Silva,,,,,,,,,4.21,132.5123153,3.44,117.4906964,5.94,142.6985008,4.19,119.8019802,6.46,141.7374265,,,,,,,,,,,,,,,,,,,,,,,,,,4/23/1979,,,Bolivar,KS,USA,4/1/2002
Aaron Harang,,,,,,,,,4.86,116.1490683,3.83,107.9545455,3.76,110.2093123,3.73,99.04844291,4.78,114.6116241,4.21,118.4454041,,,3.64,111.0458284,3.61,98.77232143,,,3.57,111.2199902,4.86,113.3062173,,,,,,,,,,,,5/9/1978,,,San Diego,NE,USA,5/25/2002
Nate Robertson,,,,,,,,,4.9,113.1498471,4.48,106.5239551,3.84,105.1873199,4.76,117.3814898,6.35,133.7693222,,,,,,,,,,,,,,,,,,,,,,,,,,9/3/1977,,,Wichita,KS,USA,9/7/2002
Cliff Lee,,,,,,,,,5.43,112.849162,3.79,104.950495,4.4,118.8811189,,,2.54,105.7821605,3.22,112.0242215,3.18,97.59547383,2.4,92.16192937,3.16,100.9478673,2.87,93.15931593,,,,,,,,,,,,,,,,8/30/1978,,,Benton,AR,USA,5/15/2019
Jose Contreras,,,,,,,,,5.5,105.2322163,3.61,94.02546523,4.27,105.6122449,5.57,128.042328,,,,,,,,,,,,,,,,,,,,,,,,,,,,12/6/1971,,,Las Martinas,SEE COUNTRY,Cuba,3/31/2003
Joe Blanton,,,,,,,,,,,3.53,94.48035803,4.82,132.4059763,3.95,110.4347826,4.69,111.5618661,4.05,107.6371092,4.82,122.716895,,,4.71,113.6125654,,,,,,,,,,,,,,,,,,12/11/1980,,,Bowling Green,TX,USA,9/21/2004
Dan Haren,,,,,,,,,,,3.73,104.1474654,4.12,106.7264574,3.07,103.060306,3.33,101.8518519,3.14,89.91706678,3.91,109.3617021,3.17,95.33809324,4.33,114.6424518,4.67,111.7021277,4.02,105.3763441,3.6,98.87760556,,,,,,,,,,,,9/17/1980,,,Monterey Park,MA,USA,6/30/2003
Scott Kazmir,,,,,,,,,,,3.77,97.84946237,,,3.48,101.3579049,3.49,88.75739645,,,,,,,,,4.04,108.8607595,3.55,97.8432404,3.1,92.34972678,,,,,,,,,,,,1/24/1984,,,Houston,TX,USA,8/23/2004
Chris Capuano,,,,,,,,,,,3.99,105.0228311,4.03,108.5481682,,,,,,,,,4.55,112.3655914,3.72,100.9591116,,,,,,,,,,,,,,,,,,8/19/1978,,,Springfield,BC,Canada,5/4/2003
Chris Young,,,,,,,,,,,4.26,105.9683313,3.46,80.96035734,3.12,73.41040462,,,,,,,,,,,,,3.65,93.93939394,,,,,,,,,,,,,,5/25/1979,,,Dallas,TX,USA,8/24/2004
Jeff Francis,,,,,,,,,,,5.68,132.0960699,4.16,100.5025126,4.22,116.6899117,,,,,,,4.82,125.6830601,,,,,,,,,,,,,,,,,,,,1/8/1981,,,Vancouver,AL,USA,8/25/2004
Josh Johnson,,,,,,,,,,,,,3.1,94.26751592,,,,,3.23,95.215311,2.3,90.61135371,,,3.81,98.37781266,,,,,,,,,,,,,,,,,,1/31/1984,,,Minneapolis,KY,USA,9/10/2005
Matt Cain,,,,,,,,,,,,,4.15,89.37960042,3.65,90,3.76,98.5267035,2.89,91.16022099,3.14,86.95652174,2.88,85.44303797,2.79,88.08763122,4,90.16838675,,,,,,,,,,,,,,,,10/1/1984,,,Dothan,La Romana,Dominican Republic,8/29/2005
Aaron Cook,,,,,,,,,,,,,4.23,118.2846371,4.12,112.0481928,3.96,119.3747039,4.16,117.721519,,,,,,,,,,,,,,,,,,,,,,,,2/8/1979,,,Fort Campbell,PA,USA,8/10/2002
Ervin Santana,,,,,,,,,,,,,4.28,96.56862745,,,3.49,97.71689498,,,3.92,107.1107111,3.38,95.53023663,5.16,97.75280899,3.24,94.31279621,3.95,105.6122449,,,3.38,96.6316952,3.28,91.42586452,,,,,,,,12/12/1982,,,La Romana,TX,USA,5/17/2005
Dave Bush,,,,,,,,,,,,,4.41,101.4285714,5.12,123.0521225,4.18,92.97297297,,,4.54,118.322803,,,,,,,,,,,,,,,,,,,,,,11/9/1979,,,Pittsburgh,Carabobo,Venezuela,7/2/2004
Zach Duke,,,,,,,,,,,,,4.47,123.1985123,,,4.82,127.027027,4.06,113.6150235,5.72,138.3647799,,,,,,,,,,,,,,,,,,,,,,4/19/1983,,,Clifton,MS,USA,7/2/2005
Felix Hernandez,,,,,,,,,,,,,4.52,108.3769634,3.92,117.3066807,3.45,103.3966034,2.49,91.9395466,2.27,83.06581059,3.47,99.48542024,3.06,95.68965517,3.04,96.52131308,2.14,78.38983051,3.53,98.40954274,3.82,97.32201176,,,5.55,107.6030928,,,,,,4/8/1986,,,Valencia,Distrito Nacional,Dominican Republic,8/4/2005
Paul Maholm,,,,,,,,,,,,,4.76,119.3181818,5.02,120.7674944,3.71,101.8922853,4.44,117.9196704,5.1,128.0388979,3.66,102.4059223,3.67,101.0582011,4.41,116.9934641,,,,,,,,,,,,,,,,6/25/1982,,,Greenwood,OR,USA,8/30/2005
Roberto Hernandez,,,,,,,,,,,,,,,3.06,101.3953488,,,,,3.77,102.8081866,5.25,112.6461211,,,4.89,112.5827815,4.1,99.87819732,,,,,,,,,,,,,,8/30/1980,,,Santo Domingo,SEE COUNTRY,Dominican Republic,4/15/2006
Jeremy Guthrie,,,,,,,,,,,,,,,3.7,98.2295831,3.63,97.79179811,5.04,117,3.83,97.56097561,4.33,106.7307692,4.76,118.1015453,4.04,118.844697,4.13,112.7596439,,,,,,,,,,,,,,4/8/1979,,,Roseburg,CA,USA,8/28/2004
James Shields,,,,,,,,,,,,,,,3.85,99.53488372,3.56,103.255814,4.14,114.0510949,5.18,127.5233875,2.82,84.70493778,3.52,98.15140845,3.15,99.91235758,3.21,104.845815,3.91,99.95051954,5.85,118.1015453,,,4.53,96.47404505,,,,,,12/20/1981,,,Newhall,MO,USA,5/31/2006
Jered Weaver,,,,,,,,,,,,,,,3.91,118.6335404,4.33,104.4267877,3.75,100.4739336,3.01,89.24587238,2.41,85.03401361,2.81,88.73538789,3.27,97.33939001,3.59,99.01454716,4.64,106.918239,5.06,124.1573034,,,,,,,,,,10/4/1982,,,Northridge,Santiago Rodriguez,Dominican Republic,5/27/2006
Shaun Marcum,,,,,,,,,,,,,,,4.13,101.2578616,3.39,89.34480477,,,3.64,99.43618657,3.54,93.90609391,,,,,,,,,,,,,,,,,,,,12/14/1981,,,Kansas City,Bavaria,Germany,9/6/2005
Wandy Rodriguez,,,,,,,,,,,,,,,4.58,103.183315,,,3.02,100.3898635,3.6,99.48717949,3.49,101.0471204,3.76,105.7504873,,,,,,,,,,,,,,,,,,1/18/1979,,,Santiago Rodriguez,WA,USA,5/23/2005
Edwin Jackson,,,,,,,,,,,,,,,5.76,124.2236025,4.42,116.3298744,3.62,99.53271028,4.47,107.1257771,3.79,118.9759036,4.03,96.7230444,4.98,117.0759566,,,,,,,,,,,,,,,,9/9/1983,,,Neu-Ulm,OH,USA,9/9/2003
Tim Lincecum,,,,,,,,,,,,,,,,,2.62,88.10572687,2.48,81.29720124,3.43,99.00990099,2.74,87.09677419,5.18,103.7634409,4.37,98.37728195,4.74,106.9587629,,,,,,,,,,,,,,6/15/1984,,,Bellevue,Distrito Nacional,Dominican Republic,5/6/2007
Chad Billingsley,,,,,,,,,,,,,,,,,3.14,101.8981019,4.03,94.33962264,3.57,98.32635983,4.21,106.3829787,,,,,,,,,,,,,,,,,,,,7/29/1984,,,Defiance,TX,USA,6/15/2006
Edinson Volquez,,,,,,,,,,,,,,,,,3.21,93.87755102,,,,,,,4.14,93.85290889,5.71,118.7536743,3.04,93.13215401,3.55,101.4492754,5.37,120.0423057,,,,,,,,,,7/3/1983,,,Santo Domingo,VA,USA,8/30/2005
John Danks,,,,,,,,,,,,,,,,,3.32,99.48717949,3.77,98.45077461,3.72,95.77464789,4.33,111.6990006,,,,,4.74,111.8012422,4.71,113.9954853,,,,,,,,,,,,4/15/1985,,,Austin,CA,USA,4/8/2007
Joe Saunders,,,,,,,,,,,,,,,,,3.41,103.030303,4.6,117.2043011,4.47,118.6607582,3.69,104.7169811,4.07,117.1067738,5.26,132.7868852,,,,,,,,,,,,,,,,6/16/1981,,,Fairfax,CA,USA,8/16/2005
Ricky Nolasco,,,,,,,,,,,,,,,,,3.52,97.59547383,5.06,108.6486486,4.51,116.4122137,4.67,123.3009709,4.48,118.3246073,3.7,104.4701155,5.38,131.4465409,,,4.42,106.4908722,4.92,116.5745856,,,,,,,,12/13/1982,,,Corona,OH,USA,4/5/2006
Matt Garza,,,,,,,,,,,,,,,,,3.7,98.26275787,3.95,91.13300493,3.91,101.8609207,3.32,98.98989899,,,3.82,103.1592521,3.64,92.5812385,,,,,,,,,,,,,,11/26/1983,,,Selma,Osaka,Japan,8/11/2006
Mike Pelfrey,,,,,,,,,,,,,,,,,3.72,110.8891109,5.03,121.1298207,3.66,111.7647059,4.74,117.494824,,,5.19,124.1787122,,,4.26,124.2387333,,,,,,,,,,,,1/14/1984,,,Wright Patterson AFB,MD,USA,7/8/2006
Hiroki Kuroda,,,,,,,,,,,,,,,,,3.73,103.7684326,,,3.39,97.39928608,3.07,103.4653465,3.32,100.8211679,3.31,100.4475385,3.71,101.5075377,,,,,,,,,,,,,,2/10/1975,,,Osaka,Maria Trinidad Sanchez,Dominican Republic,4/4/2008
Gavin Floyd,,,,,,,,,,,,,,,,,3.84,100.4366812,4.06,97.92746114,4.08,111.7049706,4.37,99.37888199,4.29,105.952381,,,,,,,,,,,,,,,,,,1/27/1983,,,Annapolis,HI,USA,9/3/2004
Ubaldo Jimenez,,,,,,,,,,,,,,,,,3.99,97.88092836,3.47,90.82568807,2.88,82.73056058,4.68,104.1998937,5.4,112.9398411,3.3,96.59714599,,,4.11,105.4347826,,,,,,,,,,,,1/22/1984,,,Nagua,TX,USA,9/26/2006
Scott Feldman,,,,,,,,,,,,,,,,,5.29,110.5228326,4.08,103.0655391,,,,,,,3.86,94.37086093,3.74,107.1626874,,,,,,,,,,,,,,2/7/1983,,,Kailua,Michoacan,Mexico,8/31/2005
Kyle Kendrick,,,,,,,,,,,,,,,,,5.49,132.0876289,,,4.73,116.5371809,,,3.9,103.7083595,4.7,119.2307692,4.61,112.5628141,,,,,,,,,,,,,,8/26/1984,,,Houston,CA,USA,6/13/2007
Yovani Gallardo,,,,,,,,,,,,,,,,,,,3.73,88.01295896,3.84,103.7837838,3.52,101.4002897,3.66,98.52941176,4.18,106.5482797,3.51,105.6741281,3.42,111.8957089,,,,,,,,,,,,2/27/1986,,,Penjamillo,CA,USA,6/18/2007
Kevin Correia,,,,,,,,,,,,,,,,,,,3.91,104.040404,,,4.79,121.4285714,4.21,109.9415205,4.18,122.6364127,5.44,128.5714286,,,,,,,,,,,,,,8/24/1980,,,San Diego,SC,USA,7/10/2003
Ricky Romero,,,,,,,,,,,,,,,,,,,4.3,115.1685393,3.73,96.66666667,2.92,84.88888889,5.77,114.3646409,,,,,,,,,,,,,,,,,,11/6/1984,,,East Los Angeles,IN,USA,4/9/2009
Jason Hammel,,,,,,,,,,,,,,,,,,,4.33,120.8853575,4.81,119.0744921,4.76,106.9958848,,,,,3.47,93.12890403,3.74,98.70740306,3.83,98.0746089,5.29,120.4886174,,,,,,,,9/2/1982,,,Greenville,Tamaulipas,Mexico,4/11/2006
Clayton Richard,,,,,,,,,,,,,,,,,,,4.41,106.5359477,3.75,109.3439364,,,3.99,110.9074244,,,,,,,,,4.79,125.8244546,5.33,104.9304678,,,,,,9/12/1983,,,Lafayette,IN,USA,7/23/2008
Jaime Garcia,,,,,,,,,,,,,,,,,,,,,2.7,100.5518087,3.56,113.2852729,,,,,,,,,4.67,110.3971963,4.41,103.1847134,,,,,,,,7/8/1986,,,Reynosa,VA,USA,7/11/2008
R.A. Dickey,,,,,,,,,,,,,,,,,,,,,2.84,101.0913268,3.28,100.8645533,2.73,90.90909091,4.21,98.57270294,3.71,95.26022305,3.91,96.21672116,4.46,105.7919622,4.26,106.8421053,,,,,,,,10/29/1974,,,Nashville,TN,USA,4/22/2001
Mat Latos,,,,,,,,,,,,,,,,,,,,,2.92,89.03365907,3.47,91.19010819,3.48,92.30033477,3.16,100.3805899,,,,,,,,,,,,,,,,12/9/1987,,,Alexandria,VA,USA,7/19/2009
Gio Gonzalez,,,,,,,,,,,,,,,,,,,,,3.23,92.90709291,3.12,94.55445545,2.89,85.38422903,3.36,92.21311475,3.57,91.02402023,3.79,109.5890411,4.57,107.2840203,2.96,86.06965174,4.21,103.5087719,,,,,,9/19/1985,,,Hialeah,Aragua,Venezuela,8/6/2008
C.J. Wilson,,,,,,,,,,,,,,,,,,,,,3.35,86.2745098,2.94,92.78350515,3.83,95.99208313,3.39,102.310231,4.51,103.8812785,,,,,,,,,,,,,,11/18/1980,,,Newport Beach,CA,USA,6/10/2005
Anibal Sanchez,,,,,,,,,,,,,,,,,,,,,3.55,105.1282051,3.67,99.4390617,3.86,107.0696721,2.57,93.40659341,,,4.99,103.1847134,5.87,116.2638798,,,,,3.85,98.79518072,,,,2/27/1984,,,Maracay,CA,USA,6/25/2006
Francisco Liriano,,,,,,,,,,,,,,,,,,,,,3.62,103.5564854,,,5.34,95.39052497,3.02,93.16770186,3.38,84.51573103,3.38,89.68850698,4.69,101.2269939,,,,,,,,,,10/26/1983,,,San Cristobal,CA,USA,9/5/2005
Colby Lewis,,,,,,,,,,,,,,,,,,,,,3.72,92.53731343,4.4,100.4497751,,,,,5.18,129.9235744,4.66,111.65524,,,,,,,,,,,,8/2/1979,,,Bakersfield,CA,USA,4/1/2002
Jason Vargas,,,,,,,,,,,,,,,,,,,,,3.78,101.9771072,4.25,106.9651741,3.85,99.03270382,,,3.71,111.2299465,,,,,4.16,111.0491071,,,,,,,,2/2/1983,,,Apple Valley,CA,USA,7/14/2005
Doug Fister,,,,,,,,,,,,,,,,,,,,,4.11,112.8654971,2.83,94.4007404,3.45,102.9776675,3.67,116.7146974,2.41,103.0487805,,,4.64,114.9361466,,,,,,,,,,2/4/1984,,,Merced,CA,USA,8/8/2009
Phil Hughes,,,,,,,,,,,,,,,,,,,,,4.19,102.2146508,,,4.23,110.9366824,,,3.52,113.2887189,4.4,125.7253385,,,,,,,,,,,,6/24/1986,,,Mission Viejo,Kingston,Jamaica,4/26/2007
Jon Niese,,,,,,,,,,,,,,,,,,,,,4.2,116.0508083,4.4,120.3055379,3.4,98.36927933,,,3.4,107.9059829,4.13,114.0749149,,,,,,,,,,,,10/27/1986,,,Lima,OH,USA,9/2/2008
Justin Masterson,,,,,,,,,,,,,,,,,,,,,4.7,112.7777778,3.21,103.2407407,4.93,108.199903,3.45,88.08290155,,,,,,,,,,,,,,,,3/22/1985,,,Kingston,IA,USA,4/24/2008
Bud Norris,,,,,,,,,,,,,,,,,,,,,4.92,104.4386423,3.77,98.38709677,4.65,102.3200476,4.18,116.9125993,3.65,99.33373713,,,,,,,,,,,,,,3/2/1985,,,Greenbrae,Zulia,Venezuela,7/29/2009
Jeremy Hellickson,,,,,,,,,,,,,,,,,,,,,,,2.95,84.12698413,3.1,97.74011299,5.17,113.2183908,,,,,3.71,97.88359788,5.43,102.4390244,,,,,,,,4/8/1987,,,Des Moines,SEE COUNTRY,Dominican Republic,8/2/2010
Jhoulys Chacin,,,,,,,,,,,,,,,,,,,,,,,3.62,92.26804124,,,3.47,102.4860477,,,,,,,3.89,94.39200444,3.5,87.40894901,,,,,,1/7/1988,,,Maracaibo,FL,USA,7/25/2009
Ivan Nova,,,,,,,,,,,,,,,,,,,,,,,3.7,108.4191399,5.02,121.1052322,,,,,,,4.17,115.4320988,4.14,114.4385027,4.19,111.8012422,4.72,126.2032086,,,,1/12/1987,,,San Cristobal,IN,USA,5/13/2010
Matt Moore,,,,,,,,,,,,,,,,,,,,,,,,,3.81,95.42631282,3.29,90.60626249,,,,,4.08,99.44472489,5.52,118.322803,,,,,,,,6/18/1989,,,Fort Walton Beach,TX,USA,9/14/2011
Jeff Samardzija,,,,,,,,,,,,,,,,,,,,,,,,,3.81,95.29276693,4.34,102.2514071,2.99,90.32846715,4.96,111.682243,3.81,99.45839488,4.42,102.7992278,,,3.52,90.00552181,,,,1/23/1985,,,Merrillville,Bolivar,Colombia,7/25/2008
Andrew Cashner,,,,,,,,,,,,,,,,,,,,,,,,,,,3.09,92,,,4.34,111.834962,,,3.4,100.4813478,5.29,118.3006536,,,,,,9/11/1986,,,Conroe,CA,USA,5/31/2010
Jose Quintana,,,,,,,,,,,,,,,,,,,,,,,,,,,3.51,98.5,3.32,102.9485257,3.36,110.1407084,3.2,98.55769231,4.15,96.17428268,4.03,100.5169443,4.68,119.2982456,,,,1/24/1989,,,Arjona,Sonora,Mexico,5/7/2012
Chris Tillman,,,,,,,,,,,,,,,,,,,,,,,,,,,3.71,97.04027171,3.34,97.53742154,4.99,108.0924855,3.77,99.41860465,,,,,,,,,,4/15/1988,,,Anaheim,CA,USA,7/29/2009
Marco Estrada,,,,,,,,,,,,,,,,,,,,,,,,,,,,,4.36,95.87217044,3.13,81.21546961,3.48,80.11363636,4.98,105.3763441,,,,,,,,7/5/1983,,,Sonora,SEE COUNTRY,Mexico,8/20/2008
